caption,comments1,comments,likes,timestamp,url,collection date,timespan,time,wc,log(wc),post interval,pf,sf,sf_new,saturation,revenue,posts,person,plant,cluster1,cluster2,cluster3,pfr,sfr
"Design that glows.
 Modern stainless steel keeps candles secure and stylish—perfect for mantels, tables, or thoughtful festive gifting.

Shop in stores or online at www.westelm.in Kora Pillar Candle Gift Hamper: https://westelm.in/product/kora-pillar-candle-gift-hamper-17150649",0,0,200,2024-11-04T13:25:55.000Z,https://www.instagram.com/p/DB83jL_SfJw/,16-03-2026,04-11-2024,405,12,2.564949357,0,1,0,0,1,2.220756253,9100,1,1,,1,1,2,0
"Modern materials. Sleek lines. The Quinn Dresser stands tall on lofty metal legs and adds textural warmth with its kiln-dried wood frame—equal parts functional and fabulous. 
Tap to shop now.",80,21,281,2026-02-25T19:01:07.000Z,https://www.instagram.com/p/DVMEMghARe4/,16-03-2026,25-02-2026,7,47,3.871201011,0,1,6,0,95,0,4680,1,1,,1,0,9,0
"Turn heads with the sculptural silhouette of the Strickland Chair. This statement piece adds a touch of modern elegance to any space. 

Shop now on www.westelm.in or in-stores",0,21,840,2026-03-03T18:01:55.000Z,https://www.instagram.com/p/DVbaGXegTgi/,16-03-2026,03-03-2026,4,13,2.63905733,0,0,0,0,122,4.704804615,4680,0,1,,1,0,0,0
"Prepare to refresh your home with our most exquisite deals of the year. 

Stay tuned for a transformative experience.",0,19,2010,2026-03-01T18:00:47.000Z,https://www.instagram.com/p/DVWQaosgXrY/,16-03-2026,01-03-2026,5,22,3.135494216,1,2,0,0,117,3.974343089,4680,0,1,,1,1,0,0
"Crafted by Aaron Probyn, our Kanto stoneware is glazed to perfection—no two pieces are ever the same. A timeless set for hosting with style. 
Shop in stores or online at www.westelm.in",73,73,2500,2024-09-15T12:30:00.000Z,https://www.instagram.com/p/C_8BbI3Nm-i/,16-03-2026,15-09-2024,434,22,3.135494216,1,2,0,0,77,3.046570172,12300,0,0,,1,1,0,0
"“Her story is the story of Indian textiles..”
Weaving a legacy by Radhika Singh

Suraiya Hasan Bose wasn’t just a revivalist, she was a force who breathed life back into India’s textile heritage. From reimagining handlooms in Andhra Pradesh to becoming a key Fabindia supplier, her legacy is woven into the very fabric of our journey.

Her deep connection with the land and its crafts is truly inspirational. “She knew every leaf on that land and would have been aware of the loss of even one flower if someone had plucked it.” That same care and attention translated into how she reimagined weaving, reconstructing fabrics, adjusting thread counts, and helping redefine the handloom landscape in Andhra Pradesh.

She was a force to be reckoned with and celebrated across the globe.

Image 1 Source: Times of India
Image 2 Source: Himru fabric details in Radhika Singh’s book ‘Suraiya Hasan Bose: Weaving A Legacy’ 
Image 3 Source: Satish Kochrekar 

#Fabindia #CelebrateIndia #CelebratingPeople",0,0,2506,2025-09-03T18:50:28.000Z,https://www.instagram.com/p/DOJobb0FQW8/,16-03-2026,03-09-2025,167,8,2.197224577,1,1,4,0,63,4.156741088,4680,0,1,,0,0,6,0
"Texture, color, and festive charm—all in one cozy accent. The Tapestry Tree Pillow Cover is holiday-ready. 
Find it in-store or shop www.westelm.in",82,82,2510,2025-09-08T12:30:00.000Z,https://www.instagram.com/p/DOV2GR4CPSV/,16-03-2026,08-09-2025,163,18,2.944438979,0,0,0,0,15,3.721229555,9100,0,0,,0,0,0,0
"Give your plants a lift with the Ilya Turned sculptural earthenware planters.  

Shop now online on www.westelm.in and in-stores.",97,97,2517,2025-09-23T12:30:00.000Z,https://www.instagram.com/p/DO8eBHzCOMj/,16-03-2026,23-09-2025,145,19,2.995732274,0,0,1,0,19,5.298312111,9100,0,0,,0,1,0,0
"When the party revolves around the table—or the bar—make sure everyone has a seat.

Tap to shop: https://cb2.visitlink.me/LJkGhT

@heatherclevelanddesign
@farbz___

#mycb2",0,0,2536,2026-01-20T18:00:51.000Z,https://www.instagram.com/p/DTvQzbREi7a/,16-03-2026,20-01-2026,29,31,3.465735903,0,3,0,0,157,3.710410141,4680,0,0,,1,1,1,0
"Proof that you should mix eras, materials and moods—all in one room.

#mycb2",100,100,2209,2025-02-18T07:50:00.000Z,https://www.instagram.com/p/DGNNZO8IxWV/,16-03-2026,18-02-2025,299,25,3.258096538,3,1,6,0,19,0,9100,0,1,,1,0,5,0
"Transform your space with the timeless beauty of the Aurelia rug – now on sale! 

Shop now.",34,34,2224,2025-04-11T08:20:00.000Z,https://www.instagram.com/p/DITKOKRowgm/,16-03-2026,11-04-2025,253,27,3.33220451,1,1,6,0,40,2.289482408,12300,0,0,,0,0,5,0
Wishing you a season filled with warmth and joy. Merry Christmas from Pottery Barn.,47,47,2243,2025-09-14T20:30:36.000Z,https://www.instagram.com/p/DOmI_rYE3ZS/,16-03-2026,14-09-2025,156,32,3.496507561,0,2,5,0,71,2.195270408,4680,1,1,,0,0,5,0
"Elevate your living space with the Everson coffee table. A touch of timeless elegance for festive gatherings. 

Shop the collection now.",74,74,2244,2025-10-10T07:30:55.000Z,https://www.instagram.com/p/DPntJxqkQL2/,16-03-2026,10-10-2025,122,41,3.737669618,1,1,5,0,32,5.182383741,4750,0,0,,1,1,4,0
"Classic lines and a rustic finish give this bed heirloom appeal. Built to last with the charm of countryside living.
 Shop now at www.potterybarn.in or in-stores",0,0,2245,2025-06-18T14:07:12.000Z,https://www.instagram.com/p/DLC37OkJ4k_/,16-03-2026,18-06-2025,214,62,4.143134726,1,4,4,0,136,4.755391904,10350,1,0,,0,0,3,0
"The design detail every bathroom needs: brass.

@mradesignstudio
#mycb2",0,0,2251,2026-02-19T18:00:51.000Z,https://www.instagram.com/p/DU8g4hBEwA2/,16-03-2026,19-02-2026,13,22,3.135494216,1,2,0,0,42,0,4680,1,0,,0,0,0,0
"Don’t miss out on what’s next. 

Stay tuned for more information.",0,0,2253,2026-01-02T16:18:48.000Z,https://www.instagram.com/p/DTA8YYfiXlA/,16-03-2026,02-01-2026,45,16,2.833213344,0,1,9,0,45,4.262830395,10350,1,0,,0,0,11,0
"This Thanksgiving, great taste is meant to be shared. So turn your home into a happening.",33,33,2254,2025-12-26T17:02:31.000Z,https://www.instagram.com/p/DSux-Q4kgoL/,16-03-2026,26-12-2025,48,178,5.187385806,1,4,5,0,60,2.69763917,4680,0,1,,0,1,0,0
"Danish dining at minimalist prices.

Honest materials, soft organic forms and a light, effortless expression. Part of our LIVE STYLE FOR LESS edit, the Bornholm dining table and Hamilton dining chair bring authentic Danish style to your every day.

Follow the link in bio to explore the full edit.

#FunctionalLuxury #ModernLivingRoom #DesignForLiving #ContemporaryInteriorDesign",0,0,2257,2025-11-19T18:01:52.000Z,https://www.instagram.com/p/DRPnWf8AYJ-/,16-03-2026,19-11-2025,79,13,2.63905733,1,2,6,0,72,0,4680,1,0,,1,0,0,0
"Electroplated stainless steel with gold or bronze finish, a Fair Trade Certified bar tool set crafted with purpose.
 
Visit us in-store or shop online at www.potterybarn.in",91,91,2257,2025-04-27T08:20:00.000Z,https://www.instagram.com/p/DI8W8jqy4Pu/,16-03-2026,27-04-2025,238,27,3.33220451,0,1,0,0,54,2.732984287,12300,1,1,,0,0,8,0
.,88,88,2257,2024-11-12T07:35:00.000Z,https://www.instagram.com/p/DCQ1xsSIqiW/,16-03-2026,12-11-2024,396,27,3.33220451,0,2,0,0,54,4.627910574,9100,1,0,,0,0,2,0
"A symbol of fortune and elegance, this antique bronze crane adds a sculptural touch to any space. 

Visit store to shop now or shop online at www.potterybarn.in",72,72,2264,2026-01-14T19:00:52.000Z,https://www.instagram.com/p/DTf64LygSjv/,16-03-2026,14-01-2026,34,70,4.262679877,0,2,0,0,90,2.316569427,4680,1,0,,1,1,1,0
"A modern twist on traditional tabletop trees. Elevate your dining space with our Decorative Paper Tabletop. 

Tap to shop now.",86,86,2266,2026-02-11T19:01:45.000Z,https://www.instagram.com/p/DUoBOl8kmOA/,16-03-2026,11-02-2026,20,21,3.091042453,0,2,2,0,32,0,4680,0,0,,0,1,0,0
"Gather around in style to experience the Ezra Dining Chair’s modern comfort and timeless style.

Tap to shop now.",0,0,2268,2025-07-22T14:35:22.000Z,https://www.instagram.com/p/DMaeLWJp57S/,16-03-2026,22-07-2025,191,94,4.553876892,1,3,0,0,134,1.891109804,10350,0,0,,0,1,0,0
"Do you prefer quiet neutrals or rich, expressive colour? With our Modena armchair, the choice is yours.

From soft, understated textures to bolder fabric statements, each option brings a different mood to Modena’s clean lines and inviting comfort.

Find your favourite with free fabric samples via the link in our bio.

#ModernLivingRoom #QuietLuxuryHome #DesignForLiving #CraftedForComfort",51,51,2269,2025-11-20T18:01:51.000Z,https://www.instagram.com/p/DRSMKI9D5FW/,16-03-2026,20-11-2025,78,47,3.871201011,0,1,10,0,92,3.017096904,4680,1,0,,0,0,10,0
"Clean lines. Warm oak. Upholstered ease. Miles offers a fresh take on comfort with lasting style. 

Bring it home, shop now at www.westelm.in or in-stores",61,61,2269,2025-06-22T08:18:05.000Z,https://www.instagram.com/p/DLMjHGxMAsU/,16-03-2026,22-06-2025,212,159,5.075173815,0,1,4,0,64,2.515428283,4750,0,1,,1,1,5,0
"Shaped by the principles of Danish living, this dining space is a natural gathering point for shared meals and private contemplation. 

With gentle curves and tapered legs, the Hauge collection radiates a softness that invites unhurried moments. 

Discover Danish design at minimalist prices when you shop our LIVE STYLE FOR LESS edit via the link in bio.

#LiveDanish #BoConcept #ContemporaryInteriorDesign #MinimalistHomeDecor",47,47,2271,2024-11-03T08:59:56.000Z,https://www.instagram.com/p/DB50UF8yRO3/,16-03-2026,03-11-2024,408,18,2.944438979,3,1,8,0,11,4.821123,9100,1,1,,0,0,5,0
"Good design lingers. The kind you catch yourself thinking about later.

@sarahstaceyinteriordesign
@brns_design

#mycb2",51,51,2276,2026-01-16T18:01:34.000Z,https://www.instagram.com/p/DTk9jlsgR57/,16-03-2026,16-01-2026,32,22,3.135494216,0,2,0,0,86,2.69183291,4680,0,0,,0,0,1,0
"A lesson in understatement.

Quiet details, natural textures and even cooler forms—proof that pared-back design doesn't mean less, it means just enough.

@sarahtract
@myneutralliving
@wil.myrs

#mycb2",0,0,2278,2025-09-17T08:15:09.000Z,https://www.instagram.com/p/DOsj7sJEYZR/,16-03-2026,17-09-2025,153,56,4.043051268,1,1,4,0,34,2.71359058,4750,0,0,,1,1,0,0
"Embrace timeless craftsmanship with the Benchwright table – a perfect blend of rustic charm and enduring strength. 

Shop now and bring history into your home!",0,0,2279,2025-09-28T12:30:00.000Z,https://www.instagram.com/p/DPJV7uwE1hw/,16-03-2026,28-09-2025,139,23,3.17805383,1,1,0,0,82,4.368741057,12300,0,0,,1,1,9,0
"Crafted from solid wood in our exclusive Sandwash finish, the Aptos Coffee Table adds warmth and style to any space.

Shop now!",59,59,2338,2025-10-23T18:01:25.000Z,https://www.instagram.com/p/DQKF4vsDzJ-/,16-03-2026,23-10-2025,107,22,3.135494216,1,1,6,0,32,0,4680,1,1,,1,1,5,0
"Relaxed yet refined, Layton balances the look of tailored upholstery with the rustic warmth of wood.

Shop now.",0,0,2339,2025-09-12T16:02:01.000Z,https://www.instagram.com/p/DOgTkd3DvC_/,16-03-2026,12-09-2025,159,109,4.700480366,0,2,5,0,56,2.253762164,4680,0,0,,1,1,0,0
Chocolate brown velvet. The glow of candlelight. A hit of rose. It's cozy—elevated to its highest form.,38,38,2343,2026-01-25T18:01:08.000Z,https://www.instagram.com/p/DT8IpuzATZS/,16-03-2026,25-01-2026,27,129,4.86753445,0,1,8,0,120,4.333981163,4680,1,0,,0,0,8,0
"Introducing THE COLLECTORS. Discover how artists and creatives across the country mix CB2 into their personal collections to create spaces that are entirely their own.

All the inspiration awaits at the link in bio.

Featuring
@mfisher_nyc
@aurorajames
@alvinwayne",43,43,2348,2025-12-16T18:00:36.000Z,https://www.instagram.com/p/DSVUgajEl6v/,16-03-2026,16-12-2025,58,9,2.302585093,0,1,4,0,69,4.697903473,4680,1,1,,1,1,6,0
"Sleek lines, a sculpted back, and lasting comfort. The Alessio Dining Chair brings elegance and durability to every meal.
 Shop in stores or online at www.westelm.in",82,82,2350,2025-10-10T12:19:42.000Z,https://www.instagram.com/p/DPoOPrdDGfT/,16-03-2026,10-10-2025,121,23,3.17805383,1,2,3,0,138,4.069706324,10350,1,1,,0,1,1,0
"Summer’25 Fresh New Arrivals

Experience the charm of summer in  every hue, pattern, and silhouette. 

Cotton shirts in straight silhouettes, to top and dresses in soothing hues and traditional prints, the latest collection brings the essence of summer to life. 

Shop the latest arrivals to bring in the spirit of this season. 
.
.
.
.
.
.
.
#Summer25 #NewArrivals #EverydayElegance #ModernIndianWear #SlowMoments
#fabindia #cottonwear #summercollection",347,347,2352,2025-10-22T18:01:46.000Z,https://www.instagram.com/p/DQHhQoUga-u/,16-03-2026,22-10-2025,108,43,3.784189634,1,1,10,0,66,5.060567919,4680,1,0,,0,1,8,0
"This is what happens when your home has just as much personality as you do. Bold choices, confident corners and just the right amount of unexpected.

#mycb2",0,0,2365,2025-09-23T09:31:33.000Z,https://www.instagram.com/p/DO8JfK8AgFq/,16-03-2026,23-09-2025,144,30,3.433987204,0,1,4,0,45,2.239758683,12300,1,0,,1,1,3,0
"When we say press-worthy, this is what we mean. Sofas worthy of ELLE Decor editors and your living room alike.",343,343,2368,2025-12-13T11:50:58.000Z,https://www.instagram.com/p/DSM91P6Ca8o/,16-03-2026,13-12-2025,59,60,4.110873864,0,2,0,0,16,2.161426803,10350,1,0,,0,0,0,0
"Crafted to last- Aluminum and glass with a timeless brass finish.

Visit us in-store or shop online at www.potterybarn.in",317,317,2373,2025-11-23T18:01:09.000Z,https://www.instagram.com/p/DRZ6pNMgfTu/,16-03-2026,23-11-2025,78,75,4.33073334,0,1,6,0,72,5.281752,4680,0,0,,0,0,3,0
"Our Interior Designers used warm neutrals, soft curves and a statement pendant light to create an inviting minimalist interior in our latest Colombia project. 

Want advice styling your home? Our Interior Designers are here to help via the link in bio.

#LiveDanish #BoConcept #DesignerLivingRoom #DanishSofa #ContemporaryInteriorDesign",63,63,2378,2026-01-31T23:15:06.000Z,https://www.instagram.com/p/DUMWwtAlAXD/,16-03-2026,31-01-2026,25,77,4.356708827,0,1,5,0,69,2.698467718,4680,1,1,,0,1,7,0
Good design upon arrival. The mood is set.,0,0,2379,2026-01-06T11:00:06.000Z,https://www.instagram.com/p/DTKrFrrCbEv/,16-03-2026,06-01-2026,41,36,3.610917913,1,1,5,0,117,4.355416957,10350,1,1,,1,0,8,0
"When structure meets softness. Rich velvets and allover Mongolian sheepskin take these curves to another level.

#mycb2",68,68,2384,2025-11-14T18:00:56.000Z,https://www.instagram.com/p/DRCvc5HDlBM/,16-03-2026,14-11-2025,82,20,3.044522438,1,1,7,0,29,4.232371811,4680,1,0,,0,0,9,0
"Gracely and Stately. The Novato Nesting Tables offer a touch of modern luxury to your living space. 

Shop now.",0,0,2386,2025-10-08T18:01:12.000Z,https://www.instagram.com/p/DPjeHUzE9uR/,16-03-2026,08-10-2025,123,15,2.772588722,1,1,7,0,48,4.523624954,4680,0,0,,1,1,4,0
"Effortless elegance—this floating linen shade casts a warm, ambient glow while adding soft texture to your space.

Shop on www.westelm.in or in-stores now!",97,97,2395,2025-12-17T14:33:27.000Z,https://www.instagram.com/p/DSXjm1VCRXn/,16-03-2026,17-12-2025,57,89,4.49980967,0,1,5,0,90,2.094524785,10350,1,0,,0,0,1,0
"Brunch in hues of tangerine and sun warmed calm. 

Set against a palette of citrus and calm, The Hamza Collection brings handcrafted table linen to the heart of your summer brunches. 

Every piece thoughtfully designed, adding texture, grace, and a whisper of elegance to the moment.

Craft a table that lingers in memory.

Shop the Hamza Collection by Fabindia.

.
.
.
.
.
.
#hamzacollection #cutlery #brunch #brunching #dinnerwear #serveware #fabindia",0,0,2397,2025-11-12T18:01:09.000Z,https://www.instagram.com/p/DQ9l9e7gVdF/,16-03-2026,12-11-2025,84,9,2.302585093,1,1,0,0,96,4.080245238,4680,1,0,,0,0,0,0
"Compact and comfortable the new Terni chair is ideal for decorating smaller spaces.

With a slim metal frame and supportive seat, it’s the perfect choice for city apartments or guestrooms where space is at a premium.

Follow the link in bio to add Terni's style to your space.

#ContemporaryInteriorDesign #MinimalistHomeDecor #DesignForLiving",0,0,2404,2025-10-20T18:00:52.000Z,https://www.instagram.com/p/DQCbJ5Gjndv/,16-03-2026,20-10-2025,110,31,3.465735903,2,1,4,0,84,4.644686564,4680,1,1,,1,0,4,0
"Bring the vibrancy of red pepperberries into your home. 

Our handcrafted Faux Tree adds a striking touch to any space. Shop now!",0,0,2417,2025-10-04T18:00:58.000Z,https://www.instagram.com/p/DPZKyv8jjsy/,16-03-2026,04-10-2025,130,29,3.401197382,1,1,0,0,78,4.567547765,4680,1,0,,1,0,0,0
"Svarnim: The Golden Journey begins.

We invite you into a world where every moment sparkles with celebration. 

Experience the warm glow of India’s most cherished festivals with the richest craft traditions reflected in home décor, festive attire, classic jewellery, nourishing skincare and wholesome foods.

Gota Patti, Banarasi, Chanderi, Pittal (Brass), Gold Khari, Maheshwari, Ghicha Silk, Aari are just some of the grand techniques you will experience with us as we walk through the craft treasure troves of our country. 

This is just the beginning, and it only gets more magical from here. Especially as over a billion smiles light up the world.
.
.
.
[ Rakhi gifts, Teej looks, Janmashtami, festive home styling, Indian celebration wear, family gifting, heritage textiles, festive ] 

#Svarnim #Fabindia #CelebrateIndia #TheGoldenJourney
#Handicrafts #Festivals #celebration 
#festivewear #rakhi #rakshaBandhan #gifting #festivegifts",30,30,2421,2025-11-15T18:01:26.000Z,https://www.instagram.com/p/DRFUN8fD8xI/,16-03-2026,15-11-2025,79,66,4.204692619,0,1,4,0,54,2.247076161,4680,0,1,,1,1,2,0
"Designed for laid-back moments, Cancún brings the Danish summerhouse retreat closer to home – inviting you to slow down and savour the simple pleasures of outdoor living. 

Click the link our bio to shop the Cancún Kollektion and transform your outdoor space into a serene escape.",0,0,2472,2025-07-19T16:01:57.000Z,https://www.instagram.com/p/DMS5szWJT50/,16-03-2026,19-07-2025,194,16,2.833213344,2,2,4,0,150,2.68132118,10350,0,1,,1,0,1,0
"When the sun leans in, beauty unfolds.

Appliqué cushions in bloom, curtains that breathe, and Hamza goblets catching every hue.

Craft meets colour in a summer mood - easy, artful, alive.

Shop new arrivals in Home & Living.
.
.
.
.
.

#FabindiaHome #Fabindia #serveware #TableLinen #homedecor #SlowLivingSpaces #CraftedInColour #NewArrivals #EverydayElegance #celebratelndia",0,0,2475,2025-10-28T18:01:13.000Z,https://www.instagram.com/p/DQW9-gFDykW/,16-03-2026,28-10-2025,98,14,2.708050201,2,1,6,0,92,4.879349025,4680,1,0,,1,0,10,0
"*This* is the kind of bedroom we're after.

@stagedtosellhome
@Frophotoinc 
@ddreps
#mycb2",0,0,2477,2026-01-17T09:45:57.000Z,https://www.instagram.com/p/DTm3TZ4DsFQ/,16-03-2026,17-01-2026,31,73,4.304065093,1,0,0,0,29,3.533036617,4750,1,0,,1,1,0,0
"As diyas glow and laughter fills the home, every detail begins to tell its own story.

Maheshwari weaves in earthen tones, maroon kurtas in soft silk, cotton-silk sets for little ones, each piece made with care and quiet precision.

Jewellery with ruby and pearl accents adds a gentle gleam, while the engraved brass thali brings balance and depth to the festive setting.
From fabric to metal, every element carries the warmth of handwork and the ease of everyday celebration. 

Celebrate this Diwali with Fabindia, where every weave, accent, and glow finds its place in the story of your home.

#Fabindia #CelebrateIndia #CelebratingPeople #Diwali2025 #FestiveHome #FestiveApparel #BrassDecor #MaheshwariWeaves #FabindiaJewellery #FestiveSeason #HomeInTradition #IndianCraft #Handcrafted #FestiveElegance

Fabindia, Diwali decor, festive home, brass pooja thali, Maheshwari saree, maroon kurta, cotton silk lehenga, ruby earrings, handcrafted jewellery, Indian textiles, festive fashion, festive warmth, home styling, Indian crafts, celebration",0,0,2500,2026-02-25T08:46:47.000Z,https://www.instagram.com/p/DVLLk-1EwkI/,16-03-2026,25-02-2026,8,13,2.63905733,1,4,2,0,15,0,4750,0,1,,1,0,1,0
"#IDExhibitor2026

WestElm @westelm_india is a globally recognised brand creating modern furniture and décor that prioritise design integrity, sustainability, and accessibility. Operating across India, the brand collaborates with designers, artists, and artisan communities to bring thoughtfully crafted, responsibly made pieces into contemporary homes. At India Design ID 2026, WestElm will present furniture and décor collections developed with Fair Trade, FSC®-certified, and responsibly sourced materials.

Explore modern design made ethical, functional, and inviting at #ID2026.
February 19–22, 2026 | NSIC Grounds, Okhla, New Delhi.

#IndiaDesignID2026 #IDExhibit #IDExhibitAlert #Editions",0,0,2500,2026-01-14T08:04:38.000Z,https://www.instagram.com/p/DTe9Uy-DoMf/,16-03-2026,14-01-2026,34,26,3.295836866,0,1,2,0,42,0,4750,0,0,,1,1,2,0
"Every well-collected home needs something from another era. So make it a Paul McCobb original, reissued for today in rose velvet. It's only at CB2.",57,57,2500,2026-01-04T08:05:00.000Z,https://www.instagram.com/p/DTFNayGjm_z/,16-03-2026,04-01-2026,44,48,3.891820298,1,1,1,0,32,4.579859473,4750,0,1,,0,1,0,0
"A celebration of our pride, our people and our shared values.
Our stores are adorned in the colours of the Tiranga, bringing the spirit of the Republic to life.

Tiranga India ka, Kurta Fabindia ka.

This Republic Day, shop Fabindia kurtas for men, women or kids and receive a premium flag lapel pin free*.
Offer available in stores only.

*T&C Apply
Kurta MRP ₹2199 or above
1 lapel pin per bill
Valid till 26th January or while stocks last. 
.
.
.
#Fabindia #CelebrateIndia #RepublicDay #CelebratingPeople",29,29,2500,2025-12-28T08:04:43.000Z,https://www.instagram.com/p/DSzL0huDn7h/,16-03-2026,28-12-2025,47,37,3.63758616,0,1,2,0,54,0,4750,0,0,,0,0,6,0
"Evenings feel different when the space and the wardrobe speak the same language.

It starts with the Amaya mango-wood cabinet anchoring the room with quiet texture, followed by black embroidered cushions that add an easy, layered depth.

Then the mood moves into dressing, a cotton–silk saree that feels effortless, and an all-black kurta–bundi look that keeps the celebration modern and unforced.

Because black deserves its own moment of celebration.

Shop the Celebration Edit.

#Fabindia #CelebrateIndia #CelebratingPeople #CelebrationEdit #EveningStories #CraftedSpaces #partywear #CelebrateBlack #AllBlackMood #BlackSilhouettes #BlackEdit 

[black festive wear, partywear, all-black ensemble, black kurta bundi, black cotton-silk saree, black décor accents, black embroidered cushions, mango wood cabinet, Amaya cabinet, black home styling, festive home décor, evening dressing, modern festive wear, black colour aesthetic]",0,0,2500,2025-12-05T08:43:47.000Z,https://www.instagram.com/p/DR4CDOCDCUg/,16-03-2026,05-12-2025,68,75,4.33073334,2,2,2,0,139,2.940624508,10350,1,0,,0,1,1,0
"Glassware that shines.
 Crystalline stemware that’s elegant, durable, and perfect for celebrations or quiet evenings—a gift with timeless sparkle.

Shop in stores or online at www.westelm.in Starlight Stemware Gift Hamper: https://westelm.in/product/starlight-stemware-gift-hamper-17150647",46,46,2500,2025-10-23T12:30:00.000Z,https://www.instagram.com/p/DQJt3C7AVIb/,16-03-2026,23-10-2025,107,21,3.091042453,0,2,2,0,1,2.14380613,9100,0,0,,0,0,1,0
"Let the good times flow with Pottery Barn’s glassware. 

A sophisticated and stylish addition to your home bar.",0,0,2500,2025-10-07T07:31:00.000Z,https://www.instagram.com/p/DPf-xynjdBT/,16-03-2026,07-10-2025,124,17,2.890371758,1,0,2,0,21,4.812531,4750,1,1,,0,0,0,0
"Lounge in style and add a finishing touch with this festive set. 

Discover the Offset Stripe Pillow Cover on www.westelm.in or in-stores.",0,0,2500,2025-09-30T07:30:53.000Z,https://www.instagram.com/p/DPN9M4eDq7I/,16-03-2026,30-09-2025,136,101,4.624972813,0,1,2,0,40,3.599436896,4750,0,1,,0,1,6,0
"Cast glass with antique-inspired texture and slim architectural legs. Compact, refined, and built to last. 
Shop in stores or online at www.westelm.in",56,56,2500,2025-09-25T12:30:00.000Z,https://www.instagram.com/p/DPBnkEriGD0/,16-03-2026,25-09-2025,142,26,3.295836866,1,1,2,0,1,3.04362044,9100,1,1,,1,1,9,0
"With its slim profile and integrated storage, the Cupertino desk allows for personal expression without compromising functionality. Our community shows us how:

@cozy.happy.here brings warmth with natural textures and neutral tones, while @frau_sommerfeldt_wohnt creates a calm evening workspace with layered lighting and personal touches.

Follow the link in bio to upgrade your office with Cupertino.

#LiveDanish #BoConcept #DesignForLiving #MindfulDesign",64,64,2500,2025-09-14T12:30:00.000Z,https://www.instagram.com/p/DOlS14Wgvrl/,16-03-2026,14-09-2025,157,17,2.890371758,1,0,2,0,1,2.499951779,12300,1,0,,0,0,0,0
"Low, sleek and storage rich. A console for minimalist living. 
Available now In-Stores or Shop Online at www.westelm.in",0,0,2500,2025-06-10T14:04:55.000Z,https://www.instagram.com/p/DKuRTlkJaDl/,16-03-2026,10-06-2025,214,101,4.624972813,0,3,1,0,114,2.721917962,10350,0,1,,1,0,2,0
"This month, we spotlight @romo.x.sam’s London home, where the Santiago dining table sets the scene for an elegantly hosted celebration dinner. 

Finished in an understated Ash tone, Santiago’s signature silhouette sits harmoniously alongside Dark Oak Seoul chairs and refined table styling. The result is a dining space with presence and warmth – the perfect setting for memorable occasions. 

Tap the link in our bio to elevate your dining experience with Santiago.

#ContemporaryHomeDecor #MinimalistHomeDecor #DesignForLiving #QuietLuxuryHome",85,85,2500,2025-04-28T08:15:00.000Z,https://www.instagram.com/p/DI-7H7QS5wf/,16-03-2026,28-04-2025,237,59,4.094344562,1,3,1,0,50,2.577844182,9100,1,1,,0,0,0,0
"Gifts that feel good to live with. 

Soft textures, natural materials and organic forms bring warmth and comfort to the everyday – the essence of hygge, expressed through design.

Featured gifts:
(01) REMS bedspread
(02) Curve bowl 
(03) Teddy cushion
(04) Sweet Art candlestick
(05) Fracture candlestick

Explore cosy gift ideas via the link in bio.

#MindfulDesign #CraftedForComfort #FunctionalLuxury #DesignForLiving",78,78,2500,2025-04-03T09:59:04.000Z,https://www.instagram.com/p/DH-vHZXSFPR/,16-03-2026,03-04-2025,257,22,3.135494216,1,1,1,0,84,2.211398663,12300,1,0,,1,1,1,0
"Raw stoneware meets glossy, hand-dipped glaze in our Half-Dipped Vases - a modern balance of texture and shine. 

Shop now and save!",56,56,2500,2024-09-27T12:30:00.000Z,https://www.instagram.com/p/DAa69PDSIms/,16-03-2026,27-09-2024,427,19,2.995732274,5,1,1,0,1,0,12300,1,0,,0,1,1,0
"In the open-plan living space of our recent Edinburgh project, our Interior Designers introduced an L-shaped sofa in rich green velvet – creating both a striking focal point and a welcoming hub for social connection.",0,0,2539,2025-06-23T08:04:55.000Z,https://www.instagram.com/p/DLPGcO-TsFy/,16-03-2026,23-06-2025,210,21,3.091042453,1,0,0,0,83,2.36734275,12300,1,1,,1,1,0,0
"Khushiyon ke rang, Fabindia ke sang

This is your last-minute call to make Holi truly full-proof, with everything you need for a celebration full of masti and maza. From skin-friendly herbal gulal (now on a Buy 3 Get 1 Free offer) to chatpate snacks, refreshing thandai, vibrant leheriya dupattas, and classic all-white outfits, Fabindia has got your Holi sorted to the max.

And of course, no celebration is complete without the OG indulgence. Our Baked Coconut Gujiya and #MadeALT bites, freshly served at Fabcafes across Delhi, Noida, Gurgaon, and Lucknow.
Shop online or step into your nearest Fabindia store today.

#Fabindia #Fabcafe #CelebrateIndia #Holi

[Fabcafe, white kurtas, festive edit, handcrafted fashion, leheriya dupattas, organic gulal, baked gujiyas, thandai moments, artisanal bites, easy festive styling, relaxed silhouettes, statement dupattas, spring dressing, mindful indulgence, celebratory mood]",0,0,2567,2026-02-02T19:00:19.000Z,https://www.instagram.com/p/DURCoGBgRiW/,16-03-2026,02-02-2026,24,15,2.772588722,0,2,6,0,44,5.171355,4680,0,0,,0,0,2,0
"𝘍𝘰𝘳𝘦𝘴𝘵 𝘉𝘭𝘰𝘴𝘴𝘰𝘮𝘴 𝘪𝘯 𝘍𝘭𝘰𝘳𝘢𝘭 𝘓𝘢𝘺𝘦𝘳𝘴.

Wandering through the winter woods, wrapped in the warmth of embroidered woollens and printed shawls. 

A slow stroll, defined by the beauty of layers and the simple joy of gathering wild blossoms. In this woodland sanctuary, the prints are as vivid as the flowers they represent.

Explore winter layers, thoughtfully crafted for the season.
.
.
.
#Fabindia #CelebrateIndia #CelebratingPeople #Winter #Winterlayers

[winter wear, woollens, shawls, cosy layers, floral prints, nature inspired, warm outfits, winter styling, layered looks, everyday winter]",0,0,2569,2025-09-06T12:30:00.000Z,https://www.instagram.com/p/DOLi4qjUFjf/,16-03-2026,06-09-2025,164,16,2.833213344,0,1,6,0,83,3.117252623,9100,0,0,,1,0,6,0
"In this recent New Zealand project, our Interior Designers anchored the living space around a minimalist corner sofa, using a neutral colour palette, low-profile forms and subtle textural details to complement views of the city skyline.

Want advice styling your home? Our Interior Designers are here to help via the link in bio.

-----------------

#DesignerLivingRoom #DanishSofa #ContemporaryInteriorDesign",66,66,2593,2025-09-20T12:30:00.000Z,https://www.instagram.com/p/DO0vh5JAgEp/,16-03-2026,20-09-2025,150,33,3.526360525,0,1,5,0,19,4.377039631,12300,1,1,,0,1,4,0
"Built for big dinners, quiet coffees, and everything in between. Classic style with expandable ease. 

Visit us in-store or shop online at www.potterybarn.in",0,0,2597,2025-09-21T18:00:58.000Z,https://www.instagram.com/p/DO3saQjAbn_/,16-03-2026,21-09-2025,147,109,4.700480366,0,1,3,0,68,2.929027677,4680,0,0,,1,0,6,0
"Bring the outdoors in with the Faux Trailing Variegated Houseplant. Perfect for creating a serene escape right at home.

Shop now!",0,0,2598,2026-01-09T18:01:00.000Z,https://www.instagram.com/p/DTS72zgDBgo/,16-03-2026,09-01-2026,38,60,4.110873864,0,0,0,0,52,4.085569209,4680,0,1,,0,1,0,0
"Summer ’25 New Arrivals

She in summer florals, he in soft, breathable cotton. 

Moving through a sun-warmed bungalow where every corner holds a trace of craft.

Clothing that doesn’t just dress the day, but belongs to it.
.
.
.
.
.
.
.
#Fabindia #Summer25 #StoriesInCotton #CraftedForTheEveryday #celebratingothers",0,0,3529,2025-09-07T18:00:42.000Z,https://www.instagram.com/p/DOTzokekxix/,16-03-2026,07-09-2025,164,109,4.700480366,1,0,0,0,110,4.140388039,4680,1,0,,0,0,0,0
"The Oakleigh Canopy Bed redefines traditional design with modern minimalism. Made in India with clean lines, a low profile, and rustic elegance that grounds your space. 
Shop in stores or online at www.potterybarn.in",30,30,3546,2025-11-02T08:04:17.000Z,https://www.instagram.com/p/DQi_QPnko_0/,16-03-2026,02-11-2025,90,57,4.060443011,0,1,7,0,29,5.142574717,4750,1,0,,1,0,11,0
"We are deeply saddened by the passing of Andrew Kassoy, co-founder of B Lab and the visionary behind the B Corp movement.
His unwavering belief that business can be a force for good, serving people and the planet, has reshaped the way many of us think about leadership and impact.

We have been fortunate to be associated with the B Corp movement for nearly a decade. In 2015, Organic India USA proudly became a Certified B Corporation and has continued to be among the top-rated B Corps globally. More recently, one of our associate company, Rangsutra Crafts, also achieved B Corp Certification becoming one of the few B Corps in India.

Being part of this powerful global community, built on the foundation of nurturing people, planet, and purpose, has been a privilege and a source of continuous inspiration. It is a movement that reflects Andrew’s visionary leadership and commitment to creating systems that serve the greater good.

Andrew’s legacy will continue to inspire purpose-driven work around the world. We are honored to carry his vision forward through our work, and we believe his impact will echo through the generations to come.

Our heartfelt condolences go out to his family, colleagues, and everyone whose lives he touched.",61,61,3548,2025-07-22T11:57:28.000Z,https://www.instagram.com/p/DMaMGz5zyfA/,16-03-2026,22-07-2025,192,30,3.433987204,0,1,6,0,1,5.016366,12300,1,1,,0,1,5,0
Hold your favorite moments close ✨ Our frames are now on sale—shop yours today!,70,70,3557,2024-10-22T07:35:00.000Z,https://www.instagram.com/p/DBaxGPLoCeJ/,16-03-2026,22-10-2024,415,22,3.135494216,1,1,0,0,38,2.61445503,12300,1,0,,1,0,5,0
xxxxxxxxxxxxxxxxxxxxxxxxxxxxxxxxxxxxxxxxxxxxxxxxxxxxxxxxxxxxxxxxxxxxxxxxxxxxxxxxxxxxxxxxxxxxxxxxxxxxxxxxxxxxxxxxxxxxxxxxxxxxxxxxxxxxxxxxxxxxxxxxxxxxxxxxxxxxxxxxxxxxxxxxxxxxxxxxxxxxxxxxxxxxxxxxxxxxxxxxxxxxxxxxxxxxxxxxxxxxxxxxxxxxxxxxxxxxxxxxxxxxxxxxxxxxxxxxxxxxxxxxxxxxxxx,54,54,3562,2024-12-29T19:25:00.000Z,https://www.instagram.com/p/DELIbH7yRq_/,16-03-2026,29-12-2024,357,18,2.944438979,1,2,0,0,27,4.181581082,12300,1,1,,1,1,0,0
"In these dining rooms, earth tones and textures go way beyond beige.

@mif_design
@francescagracehome
@nicorallodesigns

#mycb2",55,55,3568,2025-02-27T19:15:00.000Z,https://www.instagram.com/p/DGlm8cvp1eR/,16-03-2026,27-02-2025,293,26,3.295836866,3,1,8,0,1,0,12300,0,0,,1,1,9,0
"Add seasonal charm to your holiday tree. A modern, textured take on traditional ornaments. 

Available on www.westelm.in and in-stores.",0,0,3589,2025-02-04T08:05:00.000Z,https://www.instagram.com/p/DFpMBUQICIz/,16-03-2026,04-02-2025,324,48,3.891820298,0,0,2,0,78,4.795361322,9100,1,0,,0,1,0,0
"Time is of the essence. Our Black Friday sale is now live, offering limited-time discounts on your favorite pieces. 

Don’t miss out, shop now on www.potterybarn.in or in-stores.",52,1,3655,2026-03-16T18:00:42.000Z,https://www.instagram.com/p/DV9BCkxE1_o/,16-03-2026,16-03-2026,1,19,2.995732274,0,1,2,0,1,3.698526688,4680,1,1,,1,1,2,0
"Unveil the Timeless Beauty of Your Memories.

Shop the look on www.westelm.in or in stores now.",0,17,4780,2026-03-03T07:46:14.000Z,https://www.instagram.com/p/DVahayyiQSd/,16-03-2026,03-03-2026,4,100,4.615120517,0,1,7,0,79,1.973392959,10350,1,1,,1,1,6,0
"Still dreaming about @paige_desorbo's Upper West Side apartment (especially *that* blue sofa).

Thoughtfully curated with the help of CB2 Design Services. Tap to book your own free appointment.",45,45,4910,2025-09-18T12:30:00.000Z,https://www.instagram.com/p/DOvl_EkCKJl/,16-03-2026,18-09-2025,152,20,3.044522438,1,0,2,0,1,4.570647114,9100,1,1,,1,1,0,0
"Organic silhouettes, tactile materials and considered functionality at a price you'll love.

Part of our LIVE STYLE FOR LESS edit, the Kingston dining table and Princeton dining chair are crafted for the calm intentionality of Danish living.

Want to create a quiet luxury dining space in your home? Follow the link in our bio to shop the look.

#LiveDanish #BoConcept #MindfulDesign #QuietLuxuryHome #FunctionalLuxury",0,0,5911,2025-09-30T09:30:00.000Z,https://www.instagram.com/p/DPOK-x1CIqu/,16-03-2026,30-09-2025,138,40,3.713572067,0,1,9,0,1,4.78310861,9100,0,0,,0,1,9,0
"Crafted for durability, designed for style.

Shop the Malibu Chair on www.potterybarn.in and in-stores now.",57,57,7353,2025-08-21T12:30:00.000Z,https://www.instagram.com/p/DNnfxMFT6fs/,16-03-2026,21-08-2025,177,19,2.995732274,0,1,4,0,38,4.840078,12300,0,0,,1,0,1,0
"In collaboration with design duo Pierce & Ward, this collection blends sculptural shapes, vintage charm, and modern finishes. From bold accent tables and bentwood chairs to artful vases, each piece is crafted to elevate your space with timeless character.
 Shop the collection now!",100,100,7590,2025-09-14T12:30:00.000Z,https://www.instagram.com/p/DOlS2LbiNcx/,16-03-2026,14-09-2025,157,18,2.944438979,0,1,0,0,1,3.54410673,9100,0,1,,1,1,2,0
Gold-rimmed coupes. Studded glass. Silver trays. The makings of any good cocktail hour.,80,80,7591,2025-01-15T07:50:00.000Z,https://www.instagram.com/p/DE1qWAstWLi/,16-03-2026,15-01-2025,340,20,3.044522438,0,0,4,0,76,5.271721644,9100,1,1,,0,1,0,0
"A statement in texture, this bedding reimagines crushed velvet for contemporary bedrooms.

Shop now and save!",0,0,96,2025-11-26T08:02:51.000Z,https://www.instagram.com/p/DRgyKXdDoP7/,16-03-2026,26-11-2025,75,17,2.890371758,0,2,3,1,33,3.832221194,4750,1,1,,0,1,0,1
"Add Christmas feel to your living room with timeless layers that makes your home warm, welcoming and ready for every holiday moment. 
 
Visit in-store or shop online at www.potterybarn.in",90,90,116,2025-12-29T16:47:41.000Z,https://www.instagram.com/p/DS2sge-k56C/,16-03-2026,29-12-2025,47,138,4.934473933,0,4,6,1,246,2.98541286,10350,1,0,,1,0,0,1
"Elevate your tablescape with the timeless beauty of the Kali Marble Hurricanes. 

West Elm now open in Hyderabad. Visit us in-stores or tap to shop now!",58,58,117,2025-09-30T20:01:11.000Z,https://www.instagram.com/p/DPPOkrGDjee/,16-03-2026,30-09-2025,136,121,4.804021045,1,0,0,1,117,2.563713254,4680,0,1,,0,1,0,1
"Soft, breathable, and effortlessly stylish—the Belgian Flax Linen Comforter is the perfect layer for tranquil nights. 

Shop now",100,100,120,2025-09-30T12:30:00.000Z,https://www.instagram.com/p/DPOfe9oE80s/,16-03-2026,30-09-2025,138,22,3.135494216,2,1,5,1,55,4.581696867,12300,1,0,,0,0,8,1
"Elevated entertaining.
 Sculptural glass decanters with natural wood stoppers, crafted to impress and built to last. Ideal for whiskey, wine, or simply refining your bar.

Shop in stores or online at www.westelm.in Streamline Bar Collection Gift Hamper: https://westelm.in/product/streamline-bar-collection-gift-hamper-17150648",319,319,120,2025-03-25T07:47:41.000Z,https://www.instagram.com/p/DHnU7PYSe7R/,16-03-2026,25-03-2025,270,122,4.812184355,8,1,0,1,55,0,12300,1,0,,0,0,3,1
"On his 100th birthday, we celebrate the inspiring life and enduring vision of Shri L.C. Jain. A towering figure whose principles were forged in the Gandhian movement, Mr. Jain dedicated his early life to compassionate service, playing a vital role in the resettlement of refugees during Partition.

He was also a true champion of the artisan community, developing and nurturing India’s incredible handloom and handicraft sector. As the young leader of the Handicrafts and Handlooms Exports Corporation (HHEC) and the Central Cottage Industries Corporation, he helped put India’s crafts on the global map.

The connection between Shri L.C. Jain and Fabindia is personal and profound. Our founder, Mr. John Bissell, found a guide and friend in Mr. Jain while working at HHEC. He did more than introduce John to the vast and varied crafts of India; he became a treasured mentor whose wisdom shaped the very foundation of Fabindia’s Mission. It was also at the HHEC office that Mr. Bissell met his future wife and partner, Mrs. Bim Bissell.

We are deeply grateful for the inspired path Mr. Jain paved. His legacy of integrity, service, and commitment to India’s weavers and artisans continues to inspire every thread we weave and every pattern we print today.

Once again, it’s our privilege to celebrate the 100th Birth Anniversary of a true icon.
.
.
.
. 
#Fabindia #CelebrateIndia #CelebratingPeople #InspiringLeaders #HeritageofIndia #IncredibleIndia #Visionary",0,0,250,2026-01-19T12:30:00.000Z,https://www.instagram.com/p/DTsTuf6CIyH/,16-03-2026,19-01-2026,30,22,3.135494216,0,1,5,1,25,2.261588609,9100,1,1,,1,1,3,1
"The unwritten rules of design.

Balance the bold with the quiet. Hang art a little off center. Layer curves with structure. Edit more, style less.

#mycb2",0,0,250,2025-09-23T18:00:18.000Z,https://www.instagram.com/p/DO82Bs5jU9j/,16-03-2026,23-09-2025,145,15,2.772588722,1,3,1,1,154,0,4680,0,0,,0,1,2,1
"When you don’t want what everyone else has... we know the feeling.

Shop the new spring collection.",0,0,252,2025-10-25T07:30:55.000Z,https://www.instagram.com/p/DQOVE3zDow7/,16-03-2026,25-10-2025,102,18,2.944438979,0,1,4,1,36,0,4750,1,0,,0,0,9,1
"Experience Black Friday at West Elm. Discover incredible deals on our curated collection. 

Shop now!",0,0,254,2026-02-10T14:13:27.000Z,https://www.instagram.com/p/DUlJCb0iT_H/,16-03-2026,10-02-2026,21,50,3.931825633,1,4,4,1,33,4.446781769,10350,0,1,,0,1,1,1
"When one accent table makes all the difference. Even better when it's red marble or swirled resin.

@ispysomethingpretty

@lxs_homes

#mycb2",344,344,261,2025-10-12T07:30:55.000Z,https://www.instagram.com/p/DPs2vpwkXY4/,16-03-2026,12-10-2025,119,62,4.143134726,1,1,7,1,83,3.972775464,4750,1,1,,1,0,6,1
"The four poster bed is back.

This time, it's allover fluting that brings instant character—like crown molding in a pre-war apartment. Shop the Davison Collection by @studio_anansi, new for fall.",0,0,264,2025-10-27T18:00:31.000Z,https://www.instagram.com/p/DQUaYNLDCu9/,16-03-2026,27-10-2025,99,24,3.218875825,1,1,7,1,45,4.553324416,4680,0,1,,1,1,10,1
"Last chance to shop our BLACK WEEK offers. 

BLACK WEEK is ending – save on Danish design in our biggest sale of the year. 

Shop now via the link in bio.",88,88,267,2025-12-12T16:28:52.000Z,https://www.instagram.com/p/DSK41roCVXI/,16-03-2026,12-12-2025,62,23,3.17805383,3,4,5,1,98,4.896427,10350,0,0,,0,0,4,1
"The vintage silver barware collection you've been searching everywhere for. Spirit levels, raised.",31,31,384,2026-01-10T18:00:35.000Z,https://www.instagram.com/p/DTVgs2nFqXl/,16-03-2026,10-01-2026,38,63,4.158883083,2,1,8,1,59,4.205383347,4680,1,0,,0,0,7,1
"The Alanya Suzani Quilt brings timeless global artistry to your bedroom—with a subtle metallic touch that catches the light just right.

Shop now.",0,0,394,2026-02-12T19:01:55.000Z,https://www.instagram.com/p/DUql6s9AQbc/,16-03-2026,12-02-2026,18,32,3.496507561,1,1,0,1,88,0,4680,1,0,,1,1,0,1
"Nature-inspired hues and botanical motifs give our bedding an earthy elegance we can’t resist. 

Shop Fern Embroidered Pillows & Shams now.",0,0,398,2025-12-28T18:00:32.000Z,https://www.instagram.com/p/DS0CZ0zkqVP/,16-03-2026,28-12-2025,47,8,2.197224577,0,1,8,1,94,3.917814833,4680,0,0,,0,0,6,1
"Pour, serve, and celebrate with the Aja Bar Collection- now on sale.",72,72,403,2026-01-03T18:00:57.000Z,https://www.instagram.com/p/DTDfKjCgL7X/,16-03-2026,03-01-2026,45,112,4.727387819,1,1,7,1,112,3.165540692,4680,1,0,,0,0,4,1
"#BeatPlasticPollution

This World Environment Day, Fabindia is joining hands with the United Nations Environment Programme for a healthier future by embracing conscious, community-driven choices.

At Fabindia, sustainability isn’t a trend — it’s our tradition.
• 95–100% of our raw materials are of natural origin
• 67% of our products are made using hand-based processes
• By using 20,00,000 wooden hangers, we’ve prevented 100 metric tonnes of plastic waste
• We support over 55,000 rural artisans, creating slow, meaningful fashion that respects both people and planet

We’re committed to:
• Minimizing plastic across our supply chain
• Using biodegradable, reusable, or recycled packaging
• Offering natural, sustainable alternatives for your wardrobe, home, and personal care
• Supporting India’s craft communities — the original custodians of sustainable living
Because if we keep going the way we are, our oceans will carry more packaging than marine life.
It’s time to protect what inspires us — nature.

#worldenvironmentday #environmentday #plastic #plasticwaste #sustainable #fabindia",0,0,2040,2026-01-17T12:35:00.000Z,https://www.instagram.com/p/DTnKyHJkzyS/,16-03-2026,17-01-2026,31,24,3.218875825,0,1,9,1,1,3.838785355,12300,1,0,,1,1,6,1
"𝘈 𝘮𝘰𝘮𝘦𝘯𝘵 𝘰𝘧 𝘪𝘮𝘮𝘦𝘯𝘴𝘦 𝘱𝘳𝘪𝘥𝘦 𝘧𝘰𝘳 𝘵𝘩𝘦 𝘐𝘯𝘥𝘪𝘢𝘯 𝘤𝘳𝘢𝘧𝘵 𝘤𝘰𝘮𝘮𝘶𝘯𝘪𝘵𝘺!

We extend our heartiest congratulations to Ms. Poonam Muttreja on being appointed as the Chairperson of Dastkar.

She takes the baton from Ms. Laila Tyabji, Padma Shri awardee, Indian social worker, designer, writer, and co-founder of Dastkar, who has spent over four decades championing the hands that create. Both their journeys with Dastkar reflect a deep-rooted commitment to India’s craft communities.

As one of Dastkar’s founding members in 1981, Ms Muttreja has worked extensively across institution-building, philanthropy, innovation, teaching, mentoring, and the scaling of evidence-based programmes. She has also co-founded and led several influential organisations, including the Ashoka Foundation and the Society for Rural, Urban and Tribal Initiative (SRUTI).

As the Executive Director of the Population Foundation of India (PFI), a leading organisation advancing gender-sensitive policies and programmes, she continues to promote the health and well-being of India’s population, particularly women and young people.

At Fabindia, we celebrate her lifelong commitment to community building and social impact. Together, we continue to dream of an India where every artisan is celebrated, and every handmade tradition finds its rightful place in the sun.
.
.
.
.
#Fabindia #CelebrateIndia #CelebratingPeople #Dastkar",58,58,2040,2025-05-03T07:35:00.000Z,https://www.instagram.com/p/DJLujQSSaC6/,16-03-2026,03-05-2025,236,13,2.63905733,2,1,9,1,1,5.257018864,12300,0,0,,0,1,2,1
"Timeless simplicity meets natural charm. 

The Miles Side Table blends minimalism, craftsmanship, and warmth for an effortlessly elegant touch.

Shop now!",56,56,2040,2025-04-01T06:16:34.000Z,https://www.instagram.com/p/DH5MECzSDsw/,16-03-2026,01-04-2025,257,18,2.944438979,0,1,10,1,1,0,9100,1,0,,1,0,10,1
"Add a touch of tradition to your celebrations with these unique tealight holders. 

Discover the Diwali collection in-stores or on our website.",0,0,2040,2025-04-01T11:22:13.000Z,https://www.instagram.com/p/DH5vCqCyYOI/,16-03-2026,01-04-2025,258,30,3.433987204,1,1,8,1,72,0,12300,0,1,,1,0,7,1
"Contrast is the attitude.

The new Kanan Chair from @kravitz_design by @lennykravitz. Upholstered in a custom Italian twill that will resist stains and fading. Proof style and durability can, in fact, coexist.",0,0,2040,2025-03-10T08:00:00.000Z,https://www.instagram.com/p/DHAugRIolV0/,16-03-2026,10-03-2025,280,26,3.295836866,0,1,8,1,87,3.188095969,9100,0,1,,0,1,9,1
"Canopy, curved, extra (extra) wide—these beds are all the permission you need to stay in.",0,0,2040,2025-02-16T07:45:00.000Z,https://www.instagram.com/p/DGIDSZCo-aj/,16-03-2026,16-02-2025,306,38,3.663561646,2,1,8,1,1,5.118085279,9100,1,1,,0,0,7,1
"Our bestsellers are defined by more than popularity. Chosen for their timeless style, thoughtful design and lasting quality, these are the pieces you return to again and again.

From sculptural seating to refined dining and considered storage, our bestsellers via the link in our bio.

#DesignerLivingRoom #ModernLivingRoom #DesignForLiving #QuietLuxuryHome",37,37,2040,2025-02-13T07:05:00.000Z,https://www.instagram.com/p/DGC1JCmIMcV/,16-03-2026,13-02-2025,312,19,2.995732274,4,1,9,1,1,3.060847859,12300,1,0,,0,1,8,1
"Sleek silhouette, inviting comfort—this chair brings effortless modern style to your living space. 

Shop now and save!",65,65,2040,2025-01-13T08:45:26.000Z,https://www.instagram.com/p/DEwnGIOIr-2/,16-03-2026,13-01-2025,345,53,3.988984047,5,1,10,1,38,0,12300,1,1,,1,0,9,1
"Naturally grounded and woven by hand, our Round Braided Jute Rug brings nature’s charm to your most lived-in spaces.

Visit in stores or shop now at www.potterybarn.in",31,31,2040,2024-12-28T07:50:00.000Z,https://www.instagram.com/p/DEHUF1GSp82/,16-03-2026,28-12-2024,358,17,2.890371758,1,1,8,1,1,5.026360412,12300,1,0,,0,1,9,1
"Great design always brings people together.

At Pottery Barn during India Design ID 2026, our booth became a space for conversations, shared inspiration, and meaningful connections. From architects and stylists to design enthusiasts, it was incredible to see so many creative minds engaging with our vision of timeless, comfortable living.

Thank you for stopping by, exploring the details, and being a part of these beautiful moments with us.

#Design #InteriorDesign #TheFamiliarArchive
#IndiaDesignID2026",0,0,2040,2024-11-27T07:45:00.000Z,https://www.instagram.com/p/DC3e3VFoLtR/,16-03-2026,27-11-2024,388,18,2.944438979,1,1,9,1,1,2.359397013,12300,1,0,,0,0,3,1
"In this edition of BoConcept by You, our community place the Princeton chair around curved dining tables. 

At this home decorated by @mayindoor, an eye-catching textured plaster wall is complemented by a tonal wooden table and Princeton chairs in a creamy bouclé. 

In a dining space by @meraki_home_design, Princeton chairs in a rich blue velvet create a vibrant focal point against pure white walls. 

Shop the Princeton chair via the link in our bio.",88,88,2123,2025-10-03T12:30:00.000Z,https://www.instagram.com/p/DPWN6fFgQ0B/,16-03-2026,03-10-2025,131,28,3.36729583,1,1,5,1,41,0,9100,1,0,,0,0,10,1
"Curves that captivate. 

Discover the Leona Round Dining Table on www.westelm.in or in-stores.",100,100,2124,2025-02-18T08:05:00.000Z,https://www.instagram.com/p/DGNPGX0oyPh/,16-03-2026,18-02-2025,304,19,2.995732274,5,1,4,1,54,5.231082,12300,1,0,,1,1,2,1
Bring home the breezy charm of summer with our textured Honeycomb Pillows — now available at West Elm.,0,0,2124,2024-11-10T07:35:00.000Z,https://www.instagram.com/p/DCLsP1toaN7/,16-03-2026,10-11-2024,400,15,2.772588722,4,1,6,1,42,2.172845851,12300,1,1,,1,0,0,1
"Display memories with intention and design. This easel frame is art in its own right. 

Visit us in-store or shop online at www.potterybarn.in",100,100,2125,2025-08-11T12:30:00.000Z,https://www.instagram.com/p/DNNv1M3B_rB/,16-03-2026,11-08-2025,182,31,3.465735903,0,0,2,1,61,4.424016716,9100,0,1,,0,1,0,1
"Artistry Meets Durability.

The Alexander Side Table is built to last with Contract Grade quality. 

Shop now at www.westelm.in or visit our stores today!",97,97,2125,2025-07-21T08:10:15.000Z,https://www.instagram.com/p/DMXNTxRxtuc/,16-03-2026,21-07-2025,192,97,4.584967479,0,1,0,1,43,4.681956444,4750,0,1,,1,0,2,1
"If 1970s NYC club culture were a chair.

Sleek, low slung and architectural, the Rake Chair by @kravitz_design was designed with the era in mind—and inspired by the eclectic furnishings found in @lennykravitz's homes in Paris, Brazil and The Bahamas.

Tap to shop our latest collection with Kravitz Design.",100,100,2125,2025-06-10T07:00:00.000Z,https://www.instagram.com/p/DKtgrpdSfR3/,16-03-2026,10-06-2025,216,24,3.218875825,2,1,4,1,55,5.094978349,9100,1,1,,0,0,3,1
"Crafted from durable water hyacinth, these placemats blend beautifully into any table setting. Sold in sets, they’re perfect for daily meals or weekend brunches. 
Shop dining essentials at www.westelm.in or in-stores now!",0,0,2131,2025-11-25T13:00:26.000Z,https://www.instagram.com/p/DRevePMCaZB/,16-03-2026,25-11-2025,77,168,5.129898715,2,0,3,1,96,2.554421058,10350,0,0,,1,1,0,1
"Our stores are celebrating Navratri in full colour and spirit.
From men’s kurtas, women’s ethnic wear and skirt sets, to children’s ethnic outfits and festive home décor, every corner is ready for the joy and rhythm of Garba and Dandiya nights.

Every detail, from vibrant apparel to beautifully curated spaces, brings the festival alive for the whole family.

Step into our stores and celebrate Navratri together, a journey through colour, style, and festive warmth, where every moment is made for family, home, and celebration.

#Fabindia #CelebrateIndia #CelebratingPeople #NavratriNights #GarbaNights #DandiyaNights #FestiveSeason #VibrantTraditions #FestiveIndia #NavratriCelebrations #FamilyFestivities #HomeAndStyle #FestiveApparel #MenKurtas #WomenSkirtSets #EthnicWear #NavratriFashion

[Festive apparel, men’s kurtas, women’s ethnic wear, skirt sets, children’s ethnic wear, silk saris, festive fashion, Navratri, Garba, Dandiya nights, celebration wear, festive shopping, home décor, vibrant colours, seasonal traditions, family festivities, Navratri outfits]",0,0,2133,2025-07-22T07:07:37.000Z,https://www.instagram.com/p/DMZq5L5N-pt/,16-03-2026,22-07-2025,192,231,5.446737372,1,1,11,1,28,2.668881632,4750,1,0,,1,0,9,1
"Not Just Genuine Leather…
It’s so much more. 

Fabindia’s Classic Luggage collection offer textures that are unmistakably authentic.

Our designs have a vintage touch for connoisseurs who are discerning about their styles. For work or travel, both collections offer so much more than storage, its a lifestyle.

It is time to take an exclusive peek into our leather collections, in select Fabindia stores now.
.
.
.
.
.
#Fabindia #CelebrateIndia #CelebratingPeople #luggage #leather #backpacks #travelbags #workbags 

[Genuine leather, leather bags, handcrafted leather, men’s accessories, leather backpacks, travel essentials, work bags, laptop bags, weekend bags, classic collection, timeless style, luxury leather, artisan-made, everyday carry, heritage design, modern utility, gift for him]",76,76,2181,2025-12-04T12:36:07.000Z,https://www.instagram.com/p/DR132AiCXUk/,16-03-2026,04-12-2025,68,43,3.784189634,0,4,6,1,154,2.273815458,10350,0,1,,0,0,7,1
"Rolled edges and a polished finish have a special-occasion sense of history. 

Heritage Silver Collection now available on www.potterybarn.in and in-stores.",80,80,2194,2025-09-16T12:30:00.000Z,https://www.instagram.com/p/DOqcaIuEzVb/,16-03-2026,16-09-2025,154,19,2.995732274,0,1,0,1,40,4.21097876,12300,1,1,,1,0,1,1
"So much more than just a light.

Materials like solid polished onyx and Rosso Levanto marble give mood lighting a whole new meaning. Instant character.",94,94,2350,2024-10-15T03:12:49.000Z,https://www.instagram.com/p/DBIRfM9SgL4/,16-03-2026,15-10-2024,418,29,3.401197382,0,4,1,1,47,0,9100,1,0,,1,0,0,1
"Low, enveloping curves and generous cushioning give Bolzano sofa and chairs a calm, cocooning presence. 

Styled in tactile upholstery and tonal shades, the sculptural forms add warmth and character, creating a space that feels inviting, considered and effortlessly calm.

Tap the link in our bio to explore the Bolzano collection.

#CurvedSofa #QuietLuxuryHome #DesignForLiving #CraftedForComfort",0,17,2496,2026-03-10T08:28:16.000Z,https://www.instagram.com/p/DVsnv9ojS8W/,16-03-2026,10-03-2026,3,56,4.043051268,1,2,6,1,55,2.642809168,4750,1,0,,1,0,2,1
"Soft curves, tailored form, great value. 

The Hamilton chair offers a warm embrace and a refined silhouette at an affordable price within our LIVESTYLE FOR LESS edit. 

Click the link in our bio to explore the Hamilton dining chair and discover comfort and character at a minimalist price.",0,0,2500,2025-11-18T08:01:17.000Z,https://www.instagram.com/p/DRMLoMJjsG-/,16-03-2026,18-11-2025,79,14,2.708050201,0,1,0,1,30,2.674342401,4750,1,1,,1,0,2,1
"Glow in glass. Elevate your evenings with effortless ambience.

Shop in stores or online at www.westelm.in",44,44,2502,2025-08-24T18:00:10.000Z,https://www.instagram.com/p/DNvwdG7QgLL/,16-03-2026,24-08-2025,173,25,3.258096538,0,1,2,1,83,4.194289819,4680,0,0,,1,1,1,1
"Furniture with good form.

@real_simple
@sans.murs
@markweinbergny

#RSHome2025",96,96,2550,2025-12-18T12:38:15.000Z,https://www.instagram.com/p/DSZ7N6PiUcg/,16-03-2026,18-12-2025,56,55,4.025351691,1,1,3,1,149,3.531937943,10350,0,1,,1,1,1,1
"Rooted in history, crafted for today—the Goa Coffee Table is a sculptural showstopper in every space. 

Shop now.",0,0,2611,2024-09-20T12:30:00.000Z,https://www.instagram.com/p/DAI5ZuFSVwP/,16-03-2026,20-09-2024,431,23,3.17805383,4,1,6,1,86,2.091583113,12300,0,1,,0,0,2,1
"BLACK WEEK sale now on – save on dining.

Host in style this festive season. Discover dining pieces that encourage conversation, connection and celebrations that linger.

Shop BLACK WEEK dining offers via the link in bio.",0,0,2613,2025-11-18T16:01:37.000Z,https://www.instagram.com/p/DRNCpHciefV/,16-03-2026,18-11-2025,79,72,4.290459441,0,7,8,1,87,5.051005,10350,0,1,,1,1,2,1
"A modern twist on ranch-style lanterns. 

Brass-finished glass shades elevate any room, and seasonal tapers make it festive-ready.

Shop in stores or online at www.potterybarn.in

Napa Hurricane Taper Holder Gift Hamper:
https://potterybarn.in/product/napa-hurricane-taper-holder-gift-hamper-17150778",0,0,2634,2025-11-04T18:01:03.000Z,https://www.instagram.com/p/DQo_ge_D_By/,16-03-2026,04-11-2025,89,9,2.302585093,0,3,0,1,111,4.994704335,4680,1,1,,0,0,2,1
"Aarhus sofa is built on the principles of circular design. Every component is designed to be repaired, replaced, or recycled, extending the lifecycle of each piece while reducing waste.

Follow the link in bio to learn more about Aarhus' circularity.

-----------------

#MinimalistFurniture #CircularDesign #DanishDesign",0,0,2635,2026-02-13T08:59:13.000Z,https://www.instagram.com/p/DUsTdhTk4J6/,16-03-2026,13-02-2026,17,27,3.33220451,0,1,5,1,38,4.905396,4750,1,1,,1,0,2,1
"When quiet mornings meet thoughtful design, breakfast becomes intentional.

Build a peaceful morning routine with the Santiago table and Hamilton dining chair. Follow the link in our bio to shop the look.",79,79,2638,2024-10-15T03:11:14.000Z,https://www.instagram.com/p/DBIRTj0SjwC/,16-03-2026,15-10-2024,418,73,4.304065093,0,1,12,1,201,3.08489347,12300,1,0,,0,0,6,1
A softly structured travel case in a delicate floral print—designed to keep your essentials beautifully organized at home or away.,67,67,2639,2025-11-16T15:54:13.000Z,https://www.instagram.com/p/DRH4NNqCR2m/,16-03-2026,16-11-2025,79,53,3.988984047,0,1,0,1,124,2.525963573,10350,0,0,,0,1,7,1
All aglow. It's candlelight season.,63,63,2646,2025-09-15T18:00:46.000Z,https://www.instagram.com/p/DOoP5oCE4yF/,16-03-2026,15-09-2025,155,21,3.091042453,1,1,0,1,60,0,4680,1,0,,1,0,1,1
"Crafted by artisans in the Philippines, the Eden Handwoven Rattan Trays honor traditional techniques with natural texture and thoughtful design. 

Visit www.potterybarn.in or in-store to explore products on sale!",52,52,2649,2024-10-11T14:03:18.000Z,https://www.instagram.com/p/DA_Iv8JoyH0/,16-03-2026,11-10-2024,422,20,3.044522438,4,1,0,1,81,0,9100,0,0,,0,1,4,1
"If you’re drawn to soft neutrals, Dark Oak might feel bold, but it can bring depth to a muted palette.

Our Interior Designers add Dark Oak accents to enrich lighter tones or use the timeless finish on larger statement pieces to create a sophisticated focal point in minimalist spaces.

Get expert advice on using Dark Oak in your home via the link in bio.

#DanishSofa #QuietLuxuryHome #MinimalistHomeDecor #ContemporaryInteriorDesign",0,0,2650,2026-02-06T11:14:28.000Z,https://www.instagram.com/p/DUahX_gk9B0/,16-03-2026,06-02-2026,23,19,2.995732274,0,0,0,1,1,5.086622,12300,0,0,,0,1,0,1
"Add illuminating intrigue to your kitchen, living room or hallway with the Sofia 6-Light Chandelier. 

Tap to shop now!",48,48,2650,2026-02-04T19:01:38.000Z,https://www.instagram.com/p/DUWDIXdgZ1o/,16-03-2026,04-02-2026,24,50,3.931825633,0,3,0,1,94,0,4680,1,0,,1,1,0,1
"Celebrate Christmas with our Terracotta Snowman, a timeless accent for your holiday décor ❄️⛄🎄
Visit in-store or shop online at www.potterybarn.in",85,85,2650,2025-12-12T08:04:56.000Z,https://www.instagram.com/p/DSJ_IAnkp2f/,16-03-2026,12-12-2025,59,93,4.543294782,0,3,0,1,116,2.314609427,4750,0,0,,0,0,3,1
"We’ve stripped back the noise to let the design speak. Join us at The Living Gallery. 

Experience & Editions Hall 3
Booth 141, 160

19-22 Feb, 2026, 11am-7pm
NSIC Grounds, Okhla, New Delhi

[Furniture, Interior Design, Architect, Designer, Design Event, Product Design, Decor, Design Community, West Elm]

#Design #TheLivingGallery #ModernCollectibles #NewCollection #IndiaDesignID2026",94,94,2650,2025-08-09T12:30:00.000Z,https://www.instagram.com/p/DNImL4dBmzC/,16-03-2026,09-08-2025,183,20,3.044522438,1,1,8,1,60,0,9100,0,1,,0,0,10,1
"Details worth a double take.

@alishehi.interiors
@stagedtosellhome

#mycb2",52,52,2659,2025-08-09T12:30:00.000Z,https://www.instagram.com/p/DNImI8mzY2w/,16-03-2026,09-08-2025,184,15,2.772588722,1,1,6,1,21,3.901434213,12300,0,1,,0,1,0,1
"Designed for gatherings big and small. The Barwell Dining Table sets the stage for every occasion. 
Shop in-store or at www.westelm.in",70,70,2676,2025-10-05T07:31:00.000Z,https://www.instagram.com/p/DPa1MJUDa_i/,16-03-2026,05-10-2025,126,32,3.496507561,1,1,0,1,81,2.221935188,4750,1,0,,0,1,3,1
"Welcome Summer with a bedroom refresh: layer airy linen bedspreads and cushions for a look that’s effortlessly cool and inviting. 

Keep cool all Summer long when you follow the link our bio to shop accessories.",60,60,2678,2025-01-15T07:35:00.000Z,https://www.instagram.com/p/DE1ooUBsDQX/,16-03-2026,15-01-2025,340,23,3.17805383,2,1,1,1,87,4.823921,12300,0,1,,1,1,7,1
"Aluminium candleholders in two sizes, designed to elevate.

Visit us in-store or shop online at www.potterybarn.in",33,33,2679,2025-12-09T18:00:48.000Z,https://www.instagram.com/p/DSDHNY-iZxO/,16-03-2026,09-12-2025,64,67,4.219507705,1,1,7,1,102,4.09740788,4680,1,1,,0,0,9,1
"Clean lines and Natural Oak tones make the Aarhus collection the perfect backdrop for time well spent at home.

Pair Aarhus with the soft Ridge rug, marble Curve bowl and Fragment Candlestick to create a calm setting for seasonal gatherings and everyday moments alike.

Shop the look via the link in bio.

#DanishSofa #ModernLivingRoom #DesignerLivingRoom",82,82,2681,2025-07-13T16:24:08.000Z,https://www.instagram.com/p/DMDfeBFJ44p/,16-03-2026,13-07-2025,199,41,3.737669618,1,0,0,1,129,1.994439926,10350,1,0,,0,1,0,1
"Simple switch that transforms the room - soft fabrics, classic tones, and endlessly inviting comfort. 

Shop the collection from Pottery Barn, now available at The White Crow store.",0,0,2688,2026-01-27T18:00:19.000Z,https://www.instagram.com/p/DUBc_LRAQj1/,16-03-2026,27-01-2026,26,21,3.091042453,0,1,0,1,84,4.987935,4680,0,1,,0,1,0,1
"Company is coming. Bring out the good blankets, light the candles, write the notes. Everyone will want to be your guest.",90,90,2689,2025-02-08T07:45:00.000Z,https://www.instagram.com/p/DFzc6pvohDv/,16-03-2026,08-02-2025,317,27,3.33220451,1,1,4,1,20,4.793556,12300,1,0,,0,1,2,1
"Get ready to deck the halls (and your table) for all the upcoming holidays. 

Shop the collection on www.potterybarn.in or in-stores now.",42,42,2691,2025-09-04T12:30:00.000Z,https://www.instagram.com/p/DOLi4WHk5Mx/,16-03-2026,04-09-2025,166,62,4.143134726,0,1,5,1,20,4.643214027,12300,0,1,,1,0,9,1
"Inspired by vintage forms, our Bright Ceramicist Vases show off the unique qualities of their glazed finishes. 

Final hours of sale! Shop now at www.westelm.in or visit in-stores.",0,0,2691,2025-08-18T06:29:58.000Z,https://www.instagram.com/p/DNfIFwhxQ1Q/,16-03-2026,18-08-2025,179,8,2.197224577,1,1,5,1,34,4.83448142,4750,0,1,,0,0,2,1
"Love in Little Things, a Photo Story
[ECHOES OF US | A Photo Series: 1 of 4]

It’s not about grand gestures.
It’s the sacred patterns, stolen smiles, and traditions built one Sunday at a time.

A dish, a message, a sweet given without a thought.

This Father’s Day, we treasure the moments that need no words.
They are the kind that comfort us long after they happen.

Say it all with a gift, a token, that’ll always be remembered, a moment that you both cherish for a lifetime…

Explore Fabindia for gifts that are set to make this Father’s Day all about smiles and memories.
.
.
.
.
.
.
.
#fathersday #father #giftsforfathers #twinning #gifting #giftingideas #fabindia #fabindiashirts #newarrivals",100,100,2695,2024-12-25T08:05:00.000Z,https://www.instagram.com/p/DD_na3dIx4n/,16-03-2026,25-12-2024,362,36,3.610917913,2,1,5,1,78,5.306284,12300,1,1,,0,0,8,1
"The perfect balance of style and substance. The Larkin Accent Table adds a modern edge to classic spaces. 
Shop now!",0,0,2698,2025-12-24T07:10:27.000Z,https://www.instagram.com/p/DSoyeVcjB9P/,16-03-2026,24-12-2025,51,36,3.610917913,1,7,9,1,143,2.983820461,10350,0,1,,0,1,7,1
"A lamp. A bistro table. Proof that everything looks better in marble. 

@stagedtosellhome
@denidoveinteriors

#mycb2",0,0,2703,2025-10-25T18:01:12.000Z,https://www.instagram.com/p/DQPPgo6jjSv/,16-03-2026,25-10-2025,104,25,3.258096538,2,0,3,1,81,0,4680,0,1,,0,1,0,1
"Warm glow, rich scent, and mercury glass that shines even when unlit. A perfect accent for mantels and tables. 
Shop in stores or online at www.westelm.in",41,41,2710,2025-11-05T18:01:00.000Z,https://www.instagram.com/p/DQrsZFOEtRZ/,16-03-2026,05-11-2025,89,138,4.934473933,1,1,7,1,57,0,4680,0,0,,0,0,3,1
"This summer, style takes the scenic route.

The Cuban collar shirt, tailored ease for sun-warmed hours and slow city walks.

The Kalamkari dress, that flows with you, like a story worn softly.

Together, they’re a rhythm of contrasts: bold yet quiet, rooted yet free.
.
.
.
.
.
.
#newarrivals #ethnic #craft #ethnicwear #kalamkari #fabindia #celebrateIndia #celebratingIndia #summerethnic #menswear",79,79,2716,2026-01-17T18:00:38.000Z,https://www.instagram.com/p/DTniQ_sgD-i/,16-03-2026,17-01-2026,31,58,4.077537444,0,8,6,1,88,3.610184652,4680,1,0,,1,1,5,1
"Crafted from solid wood with a timeworn Sandwash finish, the Aptos Table combines rustic beauty with everyday functionality. Seats up to 8 with the drop-in leaf. 
Shop in stores or online at www.potterybarn.in",32,32,2735,2025-10-17T18:00:36.000Z,https://www.instagram.com/p/DP6pIxaleP4/,16-03-2026,17-10-2025,115,52,3.970291914,0,6,5,1,89,0,4680,0,0,,0,0,5,1
"Choose decor with the same care you would the finishing touches on your outfit. After all, they serve the same purpose.",44,44,3526,2025-09-10T12:30:00.000Z,https://www.instagram.com/p/DOa_pq5iDwL/,16-03-2026,10-09-2025,161,21,3.091042453,0,1,7,1,1,0,9100,0,1,,0,1,6,1
"Lighting that’s designed to be noticed, not just used.

#mycb2",0,0,3527,2025-06-23T15:54:41.000Z,https://www.instagram.com/p/DLP8M0Qp1GV/,16-03-2026,23-06-2025,212,53,3.988984047,2,4,8,1,25,2.917356951,10350,1,1,,1,1,2,1
"Curves over corners.

01. Classic cane chairs with chic rounded backs—@jillwhitedesigns

02. A round of polished Cosmic black marble—@_estherinteriors

03. Layered swirled resin coffee tables—@ag_studiopr

#mycb2",0,0,3889,2025-10-03T15:07:21.000Z,https://www.instagram.com/p/DPWf3Z1ia1f/,16-03-2026,03-10-2025,132,17,2.890371758,0,1,0,1,29,5.040034259,10350,1,0,,0,1,2,1
"Inspired by the relaxed elegance of 1960s Danish design, the Osaka sofa invites you to slow down and enjoy the moment. With retro charm provided by inclined armrests and raised legs, Osaka is proof that relaxation never goes out of style.

Click the link in our bio to shop the Osaka sofa.",0,0,3890,2025-12-11T09:15:00.000Z,https://www.instagram.com/p/DSHiZIpDLQ_/,16-03-2026,11-12-2025,63,244,5.501258211,1,2,3,1,95,4.411450581,10350,1,0,,1,0,0,1
"Celebrating Beautiful Imperfections

Where mornings linger and nothing needs arranging.
Serene brings floral-printed cottons in muted blush, lilac, and sage.

Soft textures, layered light, and a quiet kind of beauty that lives in the in-between.

#Fabindia #BeautifulImperfections #PrintedCotton #SereneSpaces #florals #CottonBedding #HomeDecor #CelebratingOthers

[Fabindia, floral prints, cotton bedding, home décor, muted tones, serene spaces, soft textures, Neutrals, slow mornings, bedroom styling, celebrating others]",44,44,2500,2025-09-02T12:30:00.000Z,https://www.instagram.com/p/DOGZN1iQpWH/,16-03-2026,02-09-2025,168,13,2.63905733,0,2,0,2,1,4.244865526,9100,0,0,,1,0,0,1
"Light meets sculpture. The Cersei Ceramic Lamp adds warmth and artistry to any space. 
Shop in-store or at www.westelm.in",61,61,200,2026-01-06T08:01:26.000Z,https://www.instagram.com/p/DTKWmTyjntA/,16-03-2026,06-01-2026,42,22,3.135494216,1,1,3,2,42,4.982811144,4750,1,1,,0,0,0,1
Not just any chair. A chair by an American design legend. Because every well-collected home needs something from another era.,0,0,200,2025-11-15T19:31:25.000Z,https://www.instagram.com/p/DRFsRM7Ewbm/,16-03-2026,15-11-2025,81,16,2.833213344,0,8,0,2,29,4.606743168,10350,0,1,,1,0,6,1
"Designed to shine through the season, this star-inspired candle holder adds a refined glow to your Christmas décor ✨

 

Shop in stores or online at www.westelm.in",39,39,200,2025-04-03T13:05:04.000Z,https://www.instagram.com/p/DH_EZpfyfoT/,16-03-2026,03-04-2025,257,143,4.9698133,0,1,5,2,48,4.061334416,9100,1,1,,0,1,5,1
"A pop of pattern, a touch of tradition. The Cassia Floral Pillow is perfect for every room.

Explore our latest spring collections in-store or online!",30,30,200,2024-12-11T19:25:00.000Z,https://www.instagram.com/p/DDcyFRzSrBT/,16-03-2026,11-12-2024,374,122,4.812184355,1,1,3,2,1,1.85374264,9100,0,1,,1,0,3,1
"Ayubowan, Sri Lanka! 🇱🇰
We’re bringing India’s finest crafts to your shores. A rich tapestry of heritage, handwork and soul.

From the bold blues of Indigo, the age-old prints of Dabu and Bagru, to the intricate artistry of Ajrakh, Ikat and Kalamkari, each piece tells a story hand-printed, handwoven and handmade.

Explore handcrafted fashion, soulful home décor, wellness essentials and thoughtful gifting at Havelock City Mall.

Celebrate craftsmanship. Discover heritage. Live the art of tradition.
.
.
.
.

[Fabindia, Sri Lanka, handcrafted fashion, sustainable gifting, natural fabrics, heritage textiles, Indigo dye, artisan-made clothing, handcraft traditions, Kalamkari]

#Fabindia #CelebratingPeople #FabindiaSriLanka #SriLanka #FabindiaColombo #HandcraftedInIndia #IndianCrafts #SustainableStyle #ArtisanMade #SriLankaFashion  #HavelockCityMall",92,92,413,2025-11-01T18:01:13.000Z,https://www.instagram.com/p/DQhRGHkD2ss/,16-03-2026,01-11-2025,91,135,4.912654886,1,2,6,2,87,2.28612989,4680,1,1,,1,0,0,1
"Indulge in comfort with our Faux Fur Pillow Covers. 

Available online and in-stores now.",89,89,419,2026-01-13T13:06:39.000Z,https://www.instagram.com/p/DTc7IsmDdxn/,16-03-2026,13-01-2026,35,53,3.988984047,0,1,4,2,29,5.209092,12300,1,1,,0,0,1,1
"The Penn Sofa and Chair combine plush winged arms, graceful curves, and bold dark metal legs, elevating comfort with a touch of modern flair.

Tap to shop now!",0,0,2040,2025-08-16T10:10:59.000Z,https://www.instagram.com/p/DNaXwIouZhJ/,16-03-2026,16-08-2025,180,7,2.079441542,0,1,8,2,24,4.344865896,4750,0,1,,1,0,6,1
"Minimalistic texture with maximum calm. This thread-work canvas is all about quiet confidence. 

Visit us in store or shop online at www.westelm.in",222,222,1420,2026-02-11T08:02:17.000Z,https://www.instagram.com/p/DUnDT_lDp49/,16-03-2026,11-02-2026,19,54,4.007333185,0,3,4,2,67,2.637405186,4750,1,1,,1,0,6,2
"When Scandinavian royals need a red-carpet look, they call @soerenleschmidt. When fashion designer Le Schmidt needs furniture, he calls on BoConcept – specifically the Seoul chair and Santiago dining table. 

Gifted in Dark Oak and Black Stain finishes that reflect his dramatic take on minimalism, this pairing connects a neutral space around an eye-catching dining setup.

Follow the link in our bio to explore more dining room inspiration.",100,100,1420,2025-04-19T06:50:00.000Z,https://www.instagram.com/p/DIqK_oJyxo4/,16-03-2026,19-04-2025,243,17,2.890371758,0,1,1,2,47,3.00188206,12300,1,0,,1,0,0,2
"Save these to your ""soft luxury"" folder. Where minimalism meets mood lighting.

@hawthornehomebody
@fiorellodesigns
@byfazlee

#mycb2",100,100,1420,2024-09-09T14:27:44.000Z,https://www.instagram.com/p/C_syG89IOe0/,16-03-2026,09-09-2024,437,33,3.526360525,2,1,1,2,55,0,12300,0,1,,1,0,1,2
"Calm space, clear mind.

When it comes to your home office, decorating is about style and focus. Soft, tonal colours and understated finishes reduce visual noise, helping you concentrate on what matters most.

Follow the link in our bio to shop the look.",0,0,1432,2025-08-27T18:00:58.000Z,https://www.instagram.com/p/DN3e5cyROLr/,16-03-2026,27-08-2025,171,160,5.081404365,0,1,5,2,91,5.001620802,4680,1,0,,1,1,5,2
"A touch of marble. A sweeping brass lamp. A convex mirror. Find that one thing that makes your home feel new again.

@stagedtosellhome
@lindseydana_interiors
@jofinteriors

#mycb2",0,0,1447,2025-11-07T18:02:05.000Z,https://www.instagram.com/p/DQwtzqlkh92/,16-03-2026,07-11-2025,88,26,3.295836866,0,1,4,2,99,5.042663386,4680,0,1,,1,0,6,2
"2026 interior trends invite us to create homes that work smarter, feel calmer, and reflect who we are: 
 
(01) Configurable comfort – modular design comes to the fore, offering flexible, stylish solutions that evolve with you and the way you live. 
 
(02) Acoustic sanctuaries – soft materials and rounded forms transform open spaces into calm, quiet corners made for personal restoration. 
 
(03) Your home, your story – a return to curated individuality, where contemporary design meets personal pieces to create a home that feels uniquely yours.

A new year for thoughtful living. Tap the link in bio to get inspired.",0,19,1766,2026-03-11T12:41:45.000Z,https://www.instagram.com/p/DVvpmJvCZLD/,16-03-2026,11-03-2026,2,20,3.044522438,0,4,5,2,70,4.23924179,10350,0,0,,1,1,3,2
"This round antique mirror adds a soft glow and timeless reflection to your space. 

Visit us in-store to explore mirrors or shop online at www.potterybarn.in",49,49,1999,2026-01-25T11:42:23.000Z,https://www.instagram.com/p/DT7rB8vCa8U/,16-03-2026,25-01-2026,27,24,3.218875825,0,1,6,2,60,3.577310615,10350,0,0,,0,0,5,2
"Bring the calm of nature into your home with the Flora art prints. Captured through @helenachristensen lens, their organic forms and soft tones gently ground your space in natural beauty.

Want real blooms that last forever? Follow the link in our bio to shop Flora art prints.",53,53,2040,2026-02-24T10:37:20.000Z,https://www.instagram.com/p/DVIzbz_ASx1/,16-03-2026,24-02-2026,10,19,2.995732274,1,1,8,2,1,3.704981879,9100,1,1,,1,0,11,2
"When everything in the room is that one perfect thing.

@stagedtosellhome
@studioalvarezinteriors

#mycb2",0,0,2500,2025-11-15T08:03:21.000Z,https://www.instagram.com/p/DREde5Vju-W/,16-03-2026,15-11-2025,81,39,3.688879454,2,1,0,2,35,2.555852928,4750,1,1,,1,0,5,2
"Celebrate the season with our Modern Farmhouse coffee table. Let our Design Crew add the festive touch to your home this season. 

Shop online or in-stores today.",0,0,2040,2025-07-07T14:45:36.000Z,https://www.instagram.com/p/DLz3bGrp14a/,16-03-2026,07-07-2025,202,15,2.772588722,1,1,7,2,84,0,10350,0,0,,1,0,4,2
"Lessons in soft geometry.

A wingback chair in sheepskin. Architecturally inspired dining seats in mink velvet. Structured tufting on plush cushions. Where form meets cozy.

@stagedtosellhome
@sans.murs
@bradsteinphoto
#RSHome2025

#mycb2",29,29,2040,2025-02-14T08:00:00.000Z,https://www.instagram.com/p/DGC7WcpIxNm/,16-03-2026,14-02-2025,308,25,3.258096538,2,1,7,2,1,3.94705486,12300,1,1,,1,1,2,2
"Bring a golden glow to your celebrations. 

Handcrafted metal votive holders in finger-ring and coupe shapes add heirloom charm to every tealight.

Shop in stores or online at www.potterybarn.in

Diwali Tealight Candle Holder Gift Hamper: 
https://potterybarn.in/product/diwali-tealight-candle-holder-gift-hamper-17150776",50,50,2040,2024-11-30T07:35:00.000Z,https://www.instagram.com/p/DC_MEgXIs5f/,16-03-2026,30-11-2024,386,15,2.772588722,2,1,7,2,1,5.292763,12300,1,0,,1,1,4,2
"Full of grace and beautifully lifelike, our Faux Cone Hydrangea Bundle brings timeless elegance to any setting—no sunlight required. 
Shop in stores or online at www.potterybarn.in",0,0,2500,2025-02-06T12:28:52.000Z,https://www.instagram.com/p/DFuzvfcSxlx/,16-03-2026,06-02-2025,322,17,2.890371758,0,2,0,2,1,4.314207033,9100,1,1,,0,1,0,2
"The kind of aesthetics you borrow from a trip abroad.

@percyhaus
@aniaomskitalwar

#mycb2",0,0,2500,2024-12-09T07:35:00.000Z,https://www.instagram.com/p/DDRNq2-SRMi/,16-03-2026,09-12-2024,376,37,3.63758616,2,1,0,2,54,4.074446609,12300,0,0,,0,1,6,2
"Sunday night caviar and champagne? Yes, please.

@girlllllhouse",84,84,2500,2024-12-05T07:15:00.000Z,https://www.instagram.com/p/DDMBx6RyyNU/,16-03-2026,05-12-2024,382,26,3.295836866,4,0,0,2,18,5.009891148,9100,0,0,,1,0,0,2
"In this recent Edinburgh project, our Interior Designers created visual interest with a tonal palette by mixing organic curves with clean angles.

Want advice styling your home? Our Interior Designers are here to help via the link in bio.",58,58,2500,2024-11-15T07:35:00.000Z,https://www.instagram.com/p/DCV-3BIoXuz/,16-03-2026,15-11-2024,396,29,3.401197382,2,0,0,2,1,0,9100,0,0,,1,1,0,2
"Add a touch of comfort to your space with a familiar yet iconic palette of hues.

Tap the link in our bio to explore.",0,0,2746,2025-08-31T17:01:58.000Z,https://www.instagram.com/p/DOBuwGbEyMa/,16-03-2026,31-08-2025,169,41,3.737669618,0,1,6,2,117,3.577841304,10350,0,1,,1,1,5,2
"Add a splash of global style to your space with our Printed Ikat Pillow Cover. 

Shop now on www.westelm.in or in-stores.",0,0,2754,2024-11-06T13:15:32.000Z,https://www.instagram.com/p/DCB_8yxyQBk/,16-03-2026,06-11-2024,405,24,3.218875825,5,1,2,2,89,0,12300,1,0,,0,0,4,2
"A storage solution can be more than just packing everything behind cupboard doors. The Calgary storage system blends open-shelving with drop down compartments and push-to-open drawers to create a sleek and stylish display for your home. 

Follow the link in bio to explore Calgary storage.",0,0,2762,2025-10-10T18:01:47.000Z,https://www.instagram.com/p/DPonlo2E1Aj/,16-03-2026,10-10-2025,120,15,2.772588722,0,1,8,2,151,3.719923433,4680,0,1,,0,0,7,2
"The hunt is over. We'll find the perfect sofa for you.

Crafted with heritage furniture makers alongside the finest global textile mills to bring you the highest caliber construction and materials available today. Find something you can't live without, all with the help of CB2 Interior Design Services (make an appointment—it's free):https://cb2.visitlink.me/Hv84-m",94,94,2763,2025-04-24T09:00:00.000Z,https://www.instagram.com/p/DI0tKV6S8Mp/,16-03-2026,24-04-2025,241,72,4.290459441,2,4,3,2,49,1.885494861,9100,0,1,,0,0,1,2
"Expertly printed to capture the intricate beauty of an heirloom rug. 

Available on www.westelm.in and in-stores now.",0,0,2766,2025-09-13T18:01:03.000Z,https://www.instagram.com/p/DOjGCBMjzcI/,16-03-2026,13-09-2025,158,55,4.025351691,1,1,5,2,64,5.196454,4680,1,0,,1,0,11,2
"Every reason to dress up and stay out a little longer.
Black fits, soft shimmer, effortless energy, 
meet-ups that feel like a celebration.

Because every moment deserves a little sparkle.

Shop the Celebration Edit, black, silk, and subtle shine made for nights that turn into memories.

#Fabindia #CelebrateIndia #CelebratingPeople #blackoutfits #CelebrationEdit #EveningStories #AllBlackMood #LittleSparkle #PartyWear

[black outfits, party wear for women, celebration wear, evening looks, festive fashion, all black style, subtle shimmer, black silk shirts, sparkle outfits, night out look]",0,0,2779,2025-11-11T16:44:49.000Z,https://www.instagram.com/p/DQ7GBdpkx89/,16-03-2026,11-11-2025,86,310,5.739792912,1,4,5,2,126,4.556801566,10350,0,1,,0,0,1,2
"Naturally unique -  Butter Scotch marble with a timeless finish. 

Visit us in-store or shop online at www.potterybarn.in",58,58,2784,2025-10-18T16:45:21.000Z,https://www.instagram.com/p/DP9TASWCUP8/,16-03-2026,18-10-2025,115,49,3.912023005,1,4,2,2,206,5.03385,10350,1,1,,0,0,2,2
"Sculptural form meets everyday function. A statement you’ll gather around.

Shop in stores or online at www.westelm.in",0,0,2802,2025-09-18T20:00:33.000Z,https://www.instagram.com/p/DOwXbO3Ewfl/,16-03-2026,18-09-2025,151,21,3.091042453,1,3,5,2,118,2.194890105,4680,0,0,,0,1,3,2
"Our new Aarhus collection is precision-engineered for modern living.

Inspired by Danish design traditions and informed by circular design principles, the Aarhus collection features a solid wood frame and a modular construction that allows for easy repair, replacement, and recycling.

Learn more about Aarhus' circularity via the link in our bio.

#LiveDanish #BoConcept #DanishSofa #MinimalistHomeDecor #ModularSofa",54,54,2819,2024-10-24T07:45:00.000Z,https://www.instagram.com/p/DBf75IioIMx/,16-03-2026,24-10-2024,412,12,2.564949357,0,1,3,2,93,5.321453446,12300,0,1,,0,0,3,2
"Modern take on Italian mid-century design. 

Tap to shop the Lucia Ottoman now.",62,62,2820,2025-01-09T07:40:00.000Z,https://www.instagram.com/p/DEmMbu0S0Ad/,16-03-2026,09-01-2025,349,24,3.218875825,2,1,3,2,74,4.43308286,12300,1,0,,0,0,2,2
"With a brief for decadent textures and blue accents in this Lyon home, our Interior designers used a neutral-hued palette as a foundation for rich, deep blues and layers of plush fabrics – think ribbed cobalt dining chairs, cream bouclé seating and an embossed rug in taupe.

Want advice styling your home? Our Interior Designers are here to help via the link in bio.",93,93,2828,2025-12-22T06:30:34.000Z,https://www.instagram.com/p/DSjkUXxAeZb/,16-03-2026,22-12-2025,53,31,3.465735903,1,1,6,2,48,1.940670893,9100,1,1,,0,0,4,2
"Timeless design, weathered beauty. The Aptos Side Table is perfect for books, décor & more. 

Shop now in-stores or online.",48,48,2828,2025-12-20T08:33:04.000Z,https://www.instagram.com/p/DSeotFejqCF/,16-03-2026,20-12-2025,55,51,3.951243719,1,3,2,2,64,4.181419266,4750,0,1,,0,0,2,2
"BLACK WEEK sale now on – including our new bed collections.

From serene simplicity to refined grandeur, craft your bedroom sanctuary during our biggest sale of the year.

Shop BLACK WEEK beds via the link in bio.",0,0,2500,2025-07-26T07:00:54.000Z,https://www.instagram.com/p/DMj9TlZNSXd/,16-03-2026,26-07-2025,190,32,3.496507561,1,0,0,2,47,4.395901855,4750,1,0,,1,0,0,2
"Lights, laughter, and a whole lot of festive flair! 
This Diwali, our teams across Fabindia came together to celebrate the season in true Indian spirit, from talent showcases and fun games to vibrant ethnic ensembles and a heartwarming festive lunch.

Every smile reflected the joy of togetherness, every moment echoed the spirit of celebration.

Here’s to a Diwali that felt just like home, full of warmth, colour, and community.

#Fabindia #CelebrateIndia #CelebratingPeople #DiwaliAtWork #FestiveTogether #TeamFabindia #DiwaliCelebration",0,0,3165,2026-01-22T18:10:29.000Z,https://www.instagram.com/p/DT0pD20kmcq/,16-03-2026,22-01-2026,28,111,4.718498871,0,3,0,2,105,2.285371626,10350,1,0,,1,0,1,2
Experience the art of dining with our Organic Shaped Dinnerware. The unique design and metallic rim elevate casual dinners and dazzle for formal gatherings.,37,37,3225,2026-01-24T06:30:00.000Z,https://www.instagram.com/p/DT4ihUsCFZ_/,16-03-2026,24-01-2026,28,30,3.433987204,1,3,2,2,1,2.205854104,9100,0,1,,1,0,0,2
"“There’s something so special about creating a space that feels truly yours.” – @helenachristensen .

This season, take inspiration from our Global Artistic Director, Helena Christensen, and explore her favourite BoConcept pieces – curated to reflect her unique sense of style and comfort.

Click the link in our bio to discover Helena's handpicked selections from our new collection.

#LiveDanish #BoConcept #DesignforLiving #CraftedForComfort",34,34,3227,2025-02-22T08:10:00.000Z,https://www.instagram.com/p/DGXi60aofYS/,16-03-2026,22-02-2025,296,24,3.218875825,1,1,1,2,1,2.285935879,12300,0,0,,0,1,1,2
"Art for your shelf. Modern shapes, timeless impact.

Shop in stores or online at www.westelm.in",0,0,3231,2025-09-09T08:07:10.000Z,https://www.instagram.com/p/DOX8qHfDqV6/,16-03-2026,09-09-2025,163,26,3.295836866,1,1,6,2,48,4.751929209,4750,0,0,,1,0,8,2
"Stack up on style! 

Our Modern Stacking Stools to bring a pop of color and function to any room. 

Shop the look now at www.westelm.in or visit in-stores!",89,89,3235,2025-05-16T06:50:00.000Z,https://www.instagram.com/p/DJtHrfMTSbv/,16-03-2026,16-05-2025,229,25,3.258096538,1,1,8,2,48,4.122230473,9100,1,1,,0,1,6,2
"This month, the Modena sofa is at home in two very different living spaces.

At @ss_midcentury, a grey-toned Modena sits alongside warm wood panelling and graphic accents, creating a vintage-inspired setting.

@this_wallace_farmhouse chooses soft pink upholstery to bring warmth and colour to a cool, wintery interior.

Style Modena your way via the link in our bio.

#ModernLivingRoom #QuietLuxuryHome #DesignForLiving #CraftedForComfort",62,62,3241,2024-10-19T12:23:00.000Z,https://www.instagram.com/p/DBTjoUAonxj/,16-03-2026,19-10-2024,418,24,3.218875825,2,1,2,2,1,4.476349447,12300,0,1,,0,1,3,2
"Experience the magic of Black Friday at Pottery Barn. Discover stunning pieces at incredible prices. 

Shop online or in-store today.",350,350,3242,2025-12-24T13:55:00.000Z,https://www.instagram.com/p/DSpg1P5Ade8/,16-03-2026,24-12-2025,52,26,3.295836866,1,2,0,2,1,4.913718,9100,0,1,,1,1,0,2
"What’s your Fabel?

Is it a getaway to destinations unknown, or a sweet escape? 
Well, there’s always a story in the making. So, make each one count with our new western wear brand, Fabels. 

Discover exclusive curation that seamlessly blends artisanal roots with modern silhouettes for the global travellers with an Indian soul. 

Visit today. 
Styles available in select Fabindia Experience Centres and exclusive Fabels stores near you.
📍 New Delhi
📍Gurugram
📍Dehradun
📍Chandigarh
📍Lucknow
📍Ahmedabad 
📍Kolkata
📍Chennai
📍Hyderabad 
📍Bangalore
📍Trivandrum
.
.
.
.
.
.
#fabels #fabindia #celebrateIndia #celebratingPeople #fabelsbyfabindia #handcrafted #westernwear 

[Fabindia western wear, Fabels, handcrafted western wear, smart casuals for women, winter wear, artisan textiles, Indian craftsmanship]",0,0,3255,2025-12-31T19:00:19.000Z,https://www.instagram.com/p/DS8EVdgATrA/,16-03-2026,31-12-2025,45,25,3.258096538,0,1,3,2,58,3.671628821,4680,0,1,,0,1,4,2
"Where modern meets everyday elegance. 

Shop the Fenton Woven Leather Bench now.",0,0,3262,2025-12-15T18:00:55.000Z,https://www.instagram.com/p/DSSnTVlEr21/,16-03-2026,15-12-2025,58,78,4.369447852,0,1,7,2,66,3.015354872,4680,0,1,,1,1,9,2
"Where curves meet comfort. The Laurent Bed brings a soft, modern silhouette to your bedroom. 
Discover in-store or online at www.westelm.in",0,0,3307,2024-12-18T07:30:00.000Z,https://www.instagram.com/p/DDth4kqyWtb/,16-03-2026,18-12-2024,368,21,3.091042453,1,1,4,2,2,2.75977114,12300,1,1,,1,1,7,2
"High ceilings, intricate mouldings and show-stopping curves. In this edition of BoConcept by You, our community delivers a masterclass in grandeur with the Bergamo sofa as the main star.

Wrapped around @juliebrandhoej's glossy coffee table or in a TV room styled by @designbreath, the modular curves of the Bergamo sofa are beautiful from every angle. 

Find the perfect sofa formation for your living room when you shop Bergamo via the link in bio.",0,0,3317,2025-10-08T11:06:59.000Z,https://www.instagram.com/p/DPi8VURgk2p/,16-03-2026,08-10-2025,122,38,3.663561646,0,1,4,2,27,1.977492889,4750,0,1,,0,0,1,2
"Exclusive Black Friday Finale! Experience the final wave of curated deals. 

Shop now.",0,0,3596,2025-09-14T12:54:32.000Z,https://www.instagram.com/p/DOlVhXEjV4v/,16-03-2026,14-09-2025,156,23,3.17805383,1,1,0,2,85,0,4750,1,1,,1,0,1,2
"There’s something special about seasonal layering. Handcrafted vases, rich red cushions, and cozy textures come together to create a space for warm gatherings.

 

Visit in-store or shop online at www.potterybarn.in",60,60,3596,2025-08-22T17:00:25.000Z,https://www.instagram.com/p/DNqf_kIM48R/,16-03-2026,22-08-2025,177,95,4.564348191,1,6,6,2,108,4.131976467,4680,0,0,,0,1,2,2
"Visual clarity meets tactile refinement in the Expose table’s curved silhouette.

Featuring reeded detailing and a handcrafted aluminium base, Expose is a contemporary expression of understated luxury.

Click the link in our bio to shop Expose.

#LiveDanish #BoConcept #MinimalistHomeDecor #ContemporaryInteriorDesign #DesignForLiving",0,0,3598,2026-01-13T13:06:23.000Z,https://www.instagram.com/p/DTc7GsnDT_6/,16-03-2026,13-01-2026,36,23,3.17805383,1,2,0,2,201,4.223756666,12300,0,0,,0,1,0,2
"A timeless touch for your tablescape—our Lucas Ikat Napkins, crafted from organic cotton, bring pattern and sustainability together. 
 Explore now on www.potterybarn.in or in-stores.",0,0,3599,2025-07-02T16:03:25.000Z,https://www.instagram.com/p/DLnIWsizqXT/,16-03-2026,02-07-2025,204,100,4.615120517,0,2,3,2,152,3.566544578,10350,1,1,,0,0,1,2
"Winter Fabels. Christmas Edition.

Chilly evenings, wrapped in layers that feel warm, easy, and indulgent.
Rich textures, warm hues, and crafted details, made for celebrations.

As the cold settles in, jackets and cardigans complete the look with effortless warmth.

Discover Winter Fabels in select stores.

#fabels #fabindia #celebratelndia #celebratingPeople #fabelsbyfabindia 

[Fabindia western wear, Fabels, handcrafted western wear, smart casuals for women, winter wear, artisan textiles, Indian craftsmanship]",0,0,3909,2025-08-23T18:00:44.000Z,https://www.instagram.com/p/DNtLtOO3raH/,16-03-2026,23-08-2025,176,20,3.044522438,2,1,5,2,41,4.982416,4680,0,1,,0,0,6,2
"From rustic farmhouse tables to midcentury-inspired seating, discover dining designs crafted for comfort, character, and connection.

Shop the collection from Pottery Barn, now available at The White Crow store.

#TWC #RBL #PotteryBarn #NewLaunch",0,0,2500,2025-05-27T08:07:02.000Z,https://www.instagram.com/p/DKJlOD-SuA6/,16-03-2026,27-05-2025,224,83,4.430816799,1,2,0,2,249,2.608072764,9100,1,1,,0,0,0,2
"It's not a console table. It's a sculpture. 

Leggy and Brutalist-inspired, there's a reason why everyone has their eye on the Bixby console table. 

@asaafsaristudio
@stagedtosellhome

#mycb2",88,88,2040,2025-07-16T04:58:01.000Z,https://www.instagram.com/p/DMJ_VdCIuDf/,16-03-2026,16-07-2025,196,38,3.663561646,1,1,5,2,25,4.370821373,9100,0,1,,0,0,4,2
"Wear a kurta that’s tailor made for you with Bespoke Kurtas for Men.

Select from a curated range of 80+ premium fabrics and personalize your kurta down to the
finest details. Whether it is the structure of the collar, the finish of the cuff, or the selection of
buttons, every element is designed by you, for you.

Ready to ship in just 7 days.
Begin your Bespoke journey now. Available at fabindia.com, or through our dedicated fabONE

Link in Bio. 

#fabindia #celebrateindia #Bespoke #KurtaforMen #MensEthnicWear fabindiaonline
NotJustAnyKurta

[ Bespoke Kurta, Kurta for men, Fabindia menswear, Customised Kurta, Premium Fabrics,
Tailored Kurta, Ethnic Wear, Handcrafted, Fashion, Mens Fashion Wear, Fabindia online,
fabindia kurta, Customised Kurtas for Men, Traditional Wear for Indian Men ]",85,85,2500,2025-05-31T07:15:00.000Z,https://www.instagram.com/p/DKTycg5y2XJ/,16-03-2026,31-05-2025,218,29,3.401197382,0,0,0,2,20,0,9100,0,1,,0,0,0,2
"Experience the unparalleled comfort of the Lucia quilt and transform your bedroom into a haven of tranquility. 

Shop now on www.potterybarn.in or in-stores now.",0,0,2500,2025-05-29T13:29:22.000Z,https://www.instagram.com/p/DKPTsqZJv7M/,16-03-2026,29-05-2025,221,66,4.204692619,1,3,0,2,123,2.280376774,10350,1,0,,1,0,1,2
"Every thread, every design, every journey. There is always a Fabel in the making...
Unveiling Fabels by Fabindia, a brand that blends artisanal roots with refined western style, carefully crafted for the explorer in you, for the ones who carry heritage into the future.

Now Open at:
N Block, Greater Kailash I, New Delhi
9AM - 7:30PM

#fabindia #celebrateIndia #celebratingPeople #fabelsbyfabindia #handcrafted 

[Fabindia western wear, handcrafted western wear, smart casuals for women, winter wear, artisan textiles, Indian craftsmanship]",0,0,2500,2025-02-26T07:45:00.000Z,https://www.instagram.com/p/DGhzLjhor9b/,16-03-2026,26-02-2025,294,14,2.708050201,1,2,0,2,47,0,9100,0,0,,0,0,0,2
"The Song of Spring – The Second Verse: Now in Bloom

To the untrained eye, it is a delicate piece of fabric. To a Dastango (storyteller), it is a sprawling epic.

As the season turns, we are proud to unveil the next chapter of our tribute to Lucknow’s timeless artistry. The Song of Spring – The Second Verse: Now in Bloom is more than a collection; it is a continuation of a story written in thread and patience.

Behind every delicate motif lies a devotion that honours an ancient craft. From the rhythmic precision of the Bakhiya to the intricate knots of Phanda, our Karigars; the silent poets of the needle-have poured hundreds of hours into transforming fine fabric into a canvas of history. This second verse celebrates the resilience of these master craftspersons who have preserved this art form for centuries.

In this new chapter, every thread is a word, and every garment is a finished Dastan, waiting to be worn by you.

📽The Soul of Chikankari: Journey with us beyond the storefronts and deep into the heart of The City of Nawabs to see the hands that keep history alive. 

Watch the full film on its creation on our YouTube channel. (Link in Bio)
.
.
.
#fabindia #celebrateindia #celebratingpeople #chikankari #songofspring

[Chikankari, Chikankari making, Hand embroidery, Chikankari artisans, Lucknowi craft, Karigar work, Bakhiya stitch, Phanda work, Handmade threadwork, Heritage embroidery, Indian craftsmanship, Traditional embroidery, Slow fashion, Made in Lucknow, Craft stories]",0,0,2500,2025-04-05T07:45:00.000Z,https://www.instagram.com/p/DIDpXavyr3h/,16-03-2026,05-04-2025,253,26,3.295836866,0,1,0,2,1,0,12300,1,1,,1,0,1,2
"The weight of marble. The warmth of velvet. The patina of bronze. Instant character.

@avst.udio
@hayleyellenday
@quadra 
#mycb2",50,50,2040,2025-12-19T10:44:10.000Z,https://www.instagram.com/p/DScS9PTjCEE/,16-03-2026,19-12-2025,55,15,2.772588722,0,1,8,2,1,5.314083721,10350,0,1,,1,1,9,2
"Welcome the holidays with a symbol of warmth and hospitality.  

Drift away in style with the Winter Wreath Quilt & Pillowcases available in-stores or on our website.",0,0,2040,2025-07-17T07:00:57.000Z,https://www.instagram.com/p/DMMyJ6Zsy08/,16-03-2026,17-07-2025,195,97,4.584967479,1,1,8,2,14,0,4750,1,1,,1,0,7,2
"Virgo season is here, and it’s bringing tabletops styled with intention, perfectly aligned throw pillows and the art of getting every detail just right.",0,0,2500,2025-08-20T08:11:39.000Z,https://www.instagram.com/p/DNkdRccoj2Q/,16-03-2026,20-08-2025,178,5,1.791759469,0,1,0,2,33,4.772452401,4750,0,1,,0,0,2,2
"Solid wood. Sculptural lines. Timeless appeal.

The Boerum Dining Chair brings quiet elegance to every seat at the table — handcrafted for homes that value both form and function.",0,0,15945,2025-12-22T16:10:27.000Z,https://www.instagram.com/p/DSkmriziQl3/,16-03-2026,22-12-2025,53,18,2.944438979,0,1,11,2,178,3.744131614,10350,1,1,,1,1,6,2
"Add instant ambience to any room with the Aria Mercury Hurricanes. 

Available online and in-stores now.",0,0,2500,2025-07-27T07:00:55.000Z,https://www.instagram.com/p/DMmiGeNsEGY/,16-03-2026,27-07-2025,189,49,3.912023005,0,1,0,2,39,0,4750,1,0,,0,0,0,2
"Shop these pieces in our biggest sale of the year.

For our latest New Zealand project, our Interior Designers layered soft curves and neutral tones to complement the home's existing architecture.

Curate your home without compromise via the link in bio.",0,0,19815,2025-08-15T12:30:00.000Z,https://www.instagram.com/p/DNVeJbOhcLe/,16-03-2026,15-08-2025,180,20,3.044522438,0,0,0,2,48,1.930607282,9100,1,0,,0,0,0,2
"A graceful silhouette fit for the season. 

Discover our Bleecker Barware collection in-stores or on our website.",0,0,3000,2025-11-26T12:44:36.000Z,https://www.instagram.com/p/DRhSdHpiVAi/,16-03-2026,26-11-2025,75,21,3.091042453,1,2,3,3,165,2.956512234,10350,1,1,,0,0,0,2
"An all-marble table, that statement chandelier—your anchor piece sets the rules. Every other decision is just following orders.

@adr.adrianaddiaz
@alvinwayne
@den.styling

#mycb2",70,70,3000,2025-11-21T12:45:43.000Z,https://www.instagram.com/p/DRUam9ICVu3/,16-03-2026,21-11-2025,78,43,3.784189634,0,5,3,3,86,3.734460445,10350,0,0,,0,1,0,2
"Bring the beauty of nature indoors with the supersoft Jannika Embroidered pillow cover. 

Available online and in-stores now.",39,39,3000,2025-08-31T12:30:00.000Z,https://www.instagram.com/p/DN8GJNcUNTw/,16-03-2026,31-08-2025,169,27,3.33220451,1,1,2,3,1,3.555590082,9100,1,1,,0,0,5,2
"This season, inspiration starts at home.

From @kotoisastikujalla’s warm Scandi Christmas with the Bornholm coffee table to @chrislimonthego’s elegant festive dining around the Kingston dining table – our community shows how design can elevate the moments we share.

Tap the link in bio for more living room inspiration.

#ModernLivingRoom #ContemporaryInteriorDesign #MinimalistHomeDecor",60,60,3000,2025-07-12T07:00:53.000Z,https://www.instagram.com/p/DL_6LLKttdi/,16-03-2026,12-07-2025,199,53,3.988984047,0,1,2,3,40,4.066689513,4750,0,0,,1,1,2,2
"In the right light.

Sculptural holders, rich marbles and the kind of glow only candlelight can give.

Go ahead, light a candle (then another). The new Fall Collection is here—just in time for a mood shift.",43,43,3000,2025-07-07T06:52:41.000Z,https://www.instagram.com/p/DLzBTbJh52j/,16-03-2026,07-07-2025,202,22,3.135494216,0,1,2,3,1,4.201936789,9100,0,0,,1,0,4,2
"Curves. Comfort. Calm... The new Bolzano bed sets a new standard for bedroom design.

The signature Bolzano silhouette is reimagined as our first free-standing 360° bed. Statement wraparound curves and a floating silhouette combine comfort with visual impact, for the quietest luxury of all – a restorative experience that soothes the senses.

Discover the new Bolzano bed via the link in bio.",33,33,3000,2025-05-29T07:05:00.000Z,https://www.instagram.com/p/DKOnvQVSHAm/,16-03-2026,29-05-2025,222,55,4.025351691,1,3,2,3,1,3.521987075,12300,0,1,,1,1,0,2
"Indulge your design desires. Discover exceptional savings on timeless homeware during the @luxuryshoppingfestival 

Shop Pottery Barn at Ambience Mall Vasant Kunj, Delhi, Jio World Plaza, Mumbai or online at www.potterybarn.in.",42,42,3000,2025-04-16T07:15:16.000Z,https://www.instagram.com/p/DIf6tD8SY0P/,16-03-2026,16-04-2025,247,26,3.295836866,1,1,2,3,1,4.174786211,9100,1,1,,0,0,3,2
"Cherry red is code for romance and passion. Wearing Italian-made Avellino fabric in a speckled cherry hue, the Bolzano armchair adds vibrancy and drama to this neutral-toned living room. 
 
Searching for the perfect shade of red for your home? Follow the link in bio for free fabric samples.",74,74,250,2025-12-07T08:45:05.000Z,https://www.instagram.com/p/DR9LvvDDoy8/,16-03-2026,07-12-2025,66,39,3.688879454,0,1,1,3,29,4.464179367,4750,1,1,,1,1,1,2
"Hello, emotional support sofa.

Meet Berkeley. The deepest plushest cushions. The softest velvet upholstery. In jade green no less. Because the discerning homebody knows you can have both style and comfort.",74,74,250,2025-10-29T12:30:00.000Z,https://www.instagram.com/p/DQZKo4ygSAr/,16-03-2026,29-10-2025,96,13,2.63905733,2,0,0,3,35,2.790683541,9100,0,0,,1,0,0,2
"At home with Signe.
Our Interior Designer has created an inviting space that is uniquely hers. Mixing textures and silhouettes within a considered colour palette, Signe makes a clear style statement without compromising on calm or comfort.

#DanishSofa #ModernLivingRoom #ContemporaryInteriorDesign #DesignerLivingRoom",353,6,274,2026-03-06T08:16:31.000Z,https://www.instagram.com/p/DViTOKvCmM4/,16-03-2026,06-03-2026,4,64,4.17438727,1,1,4,3,70,4.336695596,4750,0,0,,1,1,8,2
"Rooms that give quiet grandeur.

@stagedtosellhome
@lch_interiors
@sedapiazza_design

#mycb2",0,14,1164,2026-02-27T07:50:38.000Z,https://www.instagram.com/p/DVQOvgeCEr8/,16-03-2026,27-02-2026,6,29,3.401197382,1,0,3,3,1,4.499091219,9100,1,1,,1,0,0,3
"Sweeping curves, soft edges, slow moments.

Bolzano transforms the bedroom into a warm, zen-like retreat – a place where low, enveloping curves, create a sense of ease from the moment you enter.

Click the link in bio to explore the Bolzano bed collection.",35,35,1452,2025-08-26T18:30:42.000Z,https://www.instagram.com/p/DN1A7iaXtHe/,16-03-2026,26-08-2025,172,73,4.304065093,1,1,5,3,64,5.003048,4680,0,0,,1,1,7,3
"Exceptional comfort meets a clean, simplified silhouette for a look that feels effortlessly refined and relaxed.

Shop from Pottery Barn, now available at The White Crow Store.

#TWC #RBL #PotteryBarn #NewLaunch",0,0,1463,2025-09-17T18:00:53.000Z,https://www.instagram.com/p/DOtZRVkE8Lz/,16-03-2026,17-09-2025,153,206,5.332718793,0,1,5,3,42,5.316229247,4680,0,0,,1,1,3,3
"Some things never change. He still pretends he doesn’t care. She still finds the perfect gift.
This Rakhi, it’s more than a thread. It’s her way of saying I know you, Bhai.

She’s picked it all with care
A handcrafted Rakhi
A gift box filled with his favourites
A festive look he won’t choose for himself

Everything, ready to gift. Now available in-store and online. 

#Fabindia #CelebrateIndia #CelebratingPeople #Svarnim #RakshaBandhan #SiblingGifting #FestiveSeason #HandcraftedWithLove #GiftsThatMatter #ThoughtfulGifting #RakhiShopping

[ Fabindia, Raksha Bandhan, handcrafted rakhis, sibling gifting, festive gift boxes, men’s festive wear, personal care gifts, artisanal food hampers, thoughtful presents, curated celebrations, Indian traditions, brother sister bond, meaningful rituals, festival gifting ]",99,99,1479,2025-09-26T18:00:16.000Z,https://www.instagram.com/p/DPEkcrpDF8m/,16-03-2026,26-09-2025,141,17,2.890371758,2,1,8,3,13,2.629352174,4680,0,0,,1,1,5,3
"Every month we celebrate the style and individuality of our community. This time, we're drawing inspiration from statement dining tables.

The Santiago dining table commands attention with a striking pillar-shaped leg and a round tabletop for a flowing, harmonious feeling. Styled here by @deko_kotikolo, it creates a focal point that encourages conversation.

Complementing the architectural lines of the Alicante table with the Adelaide chair and Pinecone pendant light, @space_creative_thinks uses colour and shape to craft a focal dining setting within this open-plan layout.

Find a statement dining table for your home via the link in our bio.

#LiveDanish #BoConcept #QuietLuxuryHome #MindfulDesign",0,0,1525,2026-02-22T12:33:44.000Z,https://www.instagram.com/p/DVD3Kjsk5IB/,16-03-2026,22-02-2026,11,14,2.708050201,1,1,0,3,46,3.973275947,4750,0,0,,1,1,1,3
"Hariyali Teej, a timeless thread in Svarnim, The Golden Journey.
As the monsoon breathes life into the earth, Hariyali Teej arrives like a poem. It is a celebration not just of nature’s renewal but of heritage and the quiet luxury of tradition.
The spirit of celebration embraces woven treasures, silks and maheshwaris that shimmer like rain. Suits, Saris, Kurtas crafted with soulful details for everyone. The temple jewellery echoes the elegance.
Each piece is a tribute to the hands that create these stories to fill every home with love, and memories that flow across generations.

Step into a Fabindia store to discover your festive heirlooms and thoughtful gifts. 

#Fabindia #CelebrateIndia #HariyaliTeej #TeejCelebration #MonsoonFestival #Teej #CelebrateTradition #HandcraftedFestivities #Festivevibes

[Monsoon Hues, Made in India, Loom to Life, Craft Legacy, Festive Charm, Festive Wear, Graceful Silhouettes, Monsoon Festival, Slow Fashion, Maheshwari Saree, Silk Saree, Thoughtful Gifting, Festive Essentials, Festive Must Haves]",61,61,1525,2026-02-08T22:00:37.000Z,https://www.instagram.com/p/DUgxPNIAalJ/,16-03-2026,08-02-2026,23,46,3.850147602,1,2,0,3,37,4.841756619,4680,1,1,,1,0,0,3
"Just a few days left 

The Sweet Art Kollektion is here to stay, but the limited-edition price and exclusive Blossom-coloured Rimini fabric are only available until 31st August. 

Follow the link in our bio to order now.",0,0,1605,2025-09-10T14:43:58.000Z,https://www.instagram.com/p/DObO6AfjZES/,16-03-2026,10-09-2025,161,15,2.772588722,0,2,6,3,79,5.045076,4750,0,0,,1,0,2,3
"Raw-edged Breccia marble. Handcrafted glass. Design that feels handed down. Go ahead, add them to your collection.",0,0,2680,2025-09-28T18:00:12.000Z,https://www.instagram.com/p/DPJuDxIALx-/,16-03-2026,28-09-2025,139,68,4.234106505,0,2,0,3,79,4.591752705,4680,0,0,,1,0,2,3
"This embroidered cotton napkin, embellished with festive motifs, adds a touch of seasonal cheer to your table. 

Tap the link in our bio to explore.",63,63,2681,2025-09-02T12:30:00.000Z,https://www.instagram.com/p/DOGZPRfk1Yq/,16-03-2026,02-09-2025,167,21,3.091042453,0,1,2,3,1,2.281178618,12300,0,0,,1,0,7,3
"Light that feels like jewelry for your home.

Shop in stores or online at www.westelm.in",0,0,2835,2025-07-24T07:01:01.000Z,https://www.instagram.com/p/DMezui1tV24/,16-03-2026,24-07-2025,190,36,3.610917913,0,1,2,3,45,0,4750,0,0,,0,1,6,3
"Charlotte Høncke’s Sweet Art chair brings sculptural softness to a living space.
 
Paired with the matching pouffe and finished in a creamy bouclé fabric, its curved lines and scalloped detailing create a playful yet refined character. Together, the Sweet Art chair and pouffe form a tactile statement that adds warmth, comfort and character.
 
Tap the link in our bio to shop Sweet Art.
 
#DesignerLivingRoom #QuietLuxuryHome #CraftedForComfort #DesignForLiving",0,0,2848,2025-10-31T08:30:54.000Z,https://www.instagram.com/p/DQd4tkZDhJi/,16-03-2026,31-10-2025,92,57,4.060443011,1,1,6,3,42,1.979577783,4750,0,1,,1,0,4,3
"Aquarians are always ones to buck tradition—both when it comes to interiors and their general approach to life. ♒️ Like being air signs represented by a water bearer, for instance.",50,50,2867,2024-11-29T07:50:00.000Z,https://www.instagram.com/p/DC8pDUZI_Af/,16-03-2026,29-11-2024,386,24,3.218875825,0,1,5,3,74,2.227780452,9100,0,0,,0,0,7,3
"Add texture and durability to your space with our Tweed Flatweave Dhurrie— now at West Elm! 

Shop now.",0,0,2870,2025-10-28T08:31:25.000Z,https://www.instagram.com/p/DQWKYrgjrip/,16-03-2026,28-10-2025,96,29,3.401197382,0,1,8,3,73,4.453070411,4750,0,0,,1,0,5,3
"Black Friday is almost here! 

Prepare to transform your home with our most anticipated offers of the year.",0,0,2949,2026-01-04T18:00:37.000Z,https://www.instagram.com/p/DTGELw4EtCN/,16-03-2026,04-01-2026,44,7,2.079441542,0,4,6,3,82,4.633073658,4680,0,1,,0,1,1,3
"Let a festive green palette and charming holiday motifs elevate your space. 

Shop the holiday collection now.",88,88,2957,2024-11-27T07:40:00.000Z,https://www.instagram.com/p/DC3eVA5Itf2/,16-03-2026,27-11-2024,387,22,3.135494216,1,1,2,3,65,1.879868698,9100,1,0,,0,1,1,3
"Step into Your Spotlight.

Experience the perfect blend of tradition and glamour. Our new collection of premium metallic silk sarees, sterling silver jewellery, and handwoven shawls and kurtas brings high shimmer, subtle bling, and deep celebration hues.

Own your moment to shine.
Visit your nearest store today.
.
.
.
.
.
#Fabindia #Celebratelndia #CelebratingPeople #Celebrations #CelebrationWear #blackoutfit #blacks #partywear

[metallic silk sarees, wedding style, celebration wear, shimmer saree, sterling silver jewellery, festive kurta, handwoven shawls, occasion wear, Indian couture, festive styling, luxury ethnic wear, statement sarees, festive season looks]",52,52,2968,2025-04-17T07:53:22.000Z,https://www.instagram.com/p/DIij3CRygLO/,16-03-2026,17-04-2025,246,25,3.258096538,0,1,7,3,62,2.929458246,12300,1,1,,1,0,7,3
"Experience modern design like never before at our new West Elm store in Banjara Hills, Hyderabad. 

Bigger, better, and more curated than ever – visit us today!",0,0,2994,2025-10-01T07:31:03.000Z,https://www.instagram.com/p/DPQiA1xESHT/,16-03-2026,01-10-2025,135,17,2.890371758,2,2,0,3,42,5.02192303,4750,0,0,,0,1,1,3
"Good design is set in stone.

@inside_by_nicole
@projectinteriors
@alvinwayne
#mycb2",85,85,3000,2025-04-07T08:06:47.000Z,https://www.instagram.com/p/DII1ceISk9O/,16-03-2026,07-04-2025,253,19,2.995732274,0,0,2,3,21,4.867003487,12300,0,1,,0,0,0,3
"Where California cool meets modernist International Style.

The new collection from @kravitz_design by @lennykravitz. Only at CB2.",49,49,3000,2025-03-15T08:55:00.000Z,https://www.instagram.com/p/DHLH6roInMH/,16-03-2026,15-03-2025,278,24,3.218875825,1,1,2,3,1,2.771687873,12300,0,0,,0,0,1,3
"Polished art deco style meets effortless entertaining.

Sleek and stylish, this hamper adds a touch of elegance to your home bar and makes every Diwali gathering feel special.

Shop in stores or online at www.potterybarn.in

Bleecker Bar Gift Hamper:
https://potterybarn.in/product/bleecker-bar-gift-hamper-17150777",88,88,3000,2025-02-10T08:15:00.000Z,https://www.instagram.com/p/DF4p8z5oPR0/,16-03-2026,10-02-2025,316,28,3.36729583,2,2,1,3,41,3.534069472,9100,1,1,,1,0,1,3
"What’s your bedside table style?

From the Lugano nightstand to the Expose or Santiago side tables, choose your favourite below and follow the link in our bio to bring it home.",0,0,3000,2025-02-04T07:25:00.000Z,https://www.instagram.com/p/DFpHefOoqr9/,16-03-2026,04-02-2025,324,43,3.784189634,2,0,2,3,35,3.580581394,12300,0,0,,1,0,0,3
"When you know you don't want what everyone else has ... you just don't know exactly what that looks like right now. Our design experts can help you land on the perfect custom piece for your space.

Book your free CB2 Interior Design Services appointment at the link in bio.",48,48,3000,2025-01-31T08:00:00.000Z,https://www.instagram.com/p/DFe4SS6o_Lb/,16-03-2026,31-01-2025,327,18,2.944438979,2,1,3,3,62,3.819192454,9100,1,0,,0,0,4,3
"Designed and styled by our Global Artistic Director, @helenachristensen, the new Ø chair features an oversized silhouette and super-soft cushions and for enveloping comfort.

Click the link in our bio to shop Ø.

-----------------

#DanishDesign",38,38,3000,2025-01-19T07:50:00.000Z,https://www.instagram.com/p/DE_9iUqMN64/,16-03-2026,19-01-2025,336,25,3.258096538,0,1,2,3,1,3.009305691,12300,1,0,,1,1,7,3
"COMING SOON 
 
@helenachristensen debut design for BoConcept launches Monday 1st September. 
 
Follow the link in our bio to sign up for updates.",0,0,3000,2025-01-04T08:00:00.000Z,https://www.instagram.com/p/DEZW1YmIaiD/,16-03-2026,04-01-2025,353,23,3.17805383,4,1,2,3,1,4.415795788,12300,0,1,,0,0,0,3
"Pottery Barn invites you to experience its core essence - modern, crafted, considered, and intentionally quiet.

The Pottery Barn doors are opening soon at India Design ID 2026. 

Experience & Editions Hall 3
Booth 140-161

19-22 Feb, 2026, 11am-7pm
NSIC Grounds, Okhla, New Delhi

[Furniture, Interior Design, Architect, Designer, Design Event, Product Design, Decor, Design Community, Pottery Barn]

#Design #InteriorDesign #TheFamiliarArchive #IndiaDesignID2026",92,92,3000,2024-12-12T07:10:00.000Z,https://www.instagram.com/p/DDeCxxdS8op/,16-03-2026,12-12-2024,373,24,3.218875825,0,0,0,3,42,3.651652348,12300,0,1,,0,0,0,3
"Introducing the new Milano collection. 

Danish design meets Italian flair in this exclusive collaboration with CLAUDIO BELLINI Studio – think architectural form, plush comfort, and sculptural elegance.

Shop the Milano collection via the link in our bio.

#LiveDanish #BoConcept #LuxurySofaDesign #QuietLuxuryHome #DesignForLiving",80,80,3000,2024-11-25T08:10:00.000Z,https://www.instagram.com/p/DCyYK1oydaP/,16-03-2026,25-11-2024,388,78,4.369447852,0,1,2,3,86,0,12300,0,0,,1,0,5,3
"Where elegance meets comfort—craft a timeless, inviting space with curated textures, neutral tones, and artful accents. 

Discover your ideal pieces now online or in-stores!",65,65,3000,2024-10-09T07:58:28.000Z,https://www.instagram.com/p/DA5VaDRS63M/,16-03-2026,09-10-2024,422,19,2.995732274,0,1,2,3,1,4.786597454,9100,0,0,,1,0,4,3
"A glow meant to stay, where brass and gold comes together to bring warmth and quiet grace into every corner. 

This Dhanteras, let your home reflect the light within, timeless, crafted, and radiant in every detail.

Explore the Dhanteras Edit at Fabindia.

#Fabindia #CelebrateIndia #CelebratingPeople #Dhanteras #FestiveHome #GoldenGlow #IndianCraftsmanship #FabHome #BrassDecor #FabindiaFestive #CraftedTraditions

[Dhanteras decor, festive home, brass accents, gold toned decor, handcrafted homeware, festive styling, Indian craftsmanship, home decoration ideas, festive interiors, traditional home decor, Fabindia Dhanteras collection, brass home accents, golden home styling, festive season decor]",0,0,3506,2025-07-29T15:52:31.000Z,https://www.instagram.com/p/DMsokempDUk/,16-03-2026,29-07-2025,189,110,4.709530201,1,3,5,3,146,4.818674,10350,0,1,,0,1,3,3
"Celebrating Beautiful Imperfections. 

One print. Many stories.
A family of four.
Each in indigo, each in Dabu.

Worn differently, lived fully.
Because when something’s made to last, it finds its place in every age, every heart, every home.

Mud-resist. Hand block printed. Indigo dyed.
Timeless, like us.

Discover the Dabu edit, available in stores and online at fabindia.com.
.
.
.
.
.
#dabu #dabuprinting #newarrivals #ethnic #craft #ethnicwear #indigo #fabindia #celebrateIndia #celebratingIndia",36,36,3513,2025-08-21T18:00:08.000Z,https://www.instagram.com/p/DNoCJ8LhOWV/,16-03-2026,21-08-2025,178,17,2.890371758,1,1,6,3,16,4.622575792,4680,1,1,,0,0,6,3
That thing you never knew you needed ... but now can't live without.,0,0,3525,2025-11-09T18:00:29.000Z,https://www.instagram.com/p/DQ13atJgaQi/,16-03-2026,09-11-2025,87,61,4.127134385,0,2,6,3,39,4.778024162,4680,0,1,,0,1,11,3
"Add a touch of warmth and sophistication to your table with our hand-painted ceramic candlesticks—perfect for creating an inviting ambiance at any gathering.

Shop now!",0,0,3525,2025-10-29T15:24:53.000Z,https://www.instagram.com/p/DQZeij7CWdQ/,16-03-2026,29-10-2025,94,12,2.564949357,0,4,1,3,91,0,10350,1,1,,0,0,3,3
"Embrace winter wonder with a touch of modern geo. 

Shop our Crewel Colorblock Trees pillow cover on www.westelm.in or in-stores.",44,44,3795,2025-03-27T10:34:35.000Z,https://www.instagram.com/p/DHsxncRynGo/,16-03-2026,27-03-2025,261,21,3.091042453,3,1,0,3,56,4.963348,12300,0,1,,0,1,3,3
"Design that feels considered always lasts longer.

@rework_design
#mycb2",232,232,3804,2024-12-31T07:45:00.000Z,https://www.instagram.com/p/DEPB50kyAPE/,16-03-2026,31-12-2024,355,88,4.48863637,2,1,2,3,109,3.13723465,12300,0,0,,1,0,1,3
"Stop your scroll. These pieces are worthy of a second glance.

@cirajsraab
@tracey_tilley

#mycb2",0,0,3808,2026-01-04T06:46:48.000Z,https://www.instagram.com/p/DTFEgruCdoj/,16-03-2026,04-01-2026,43,114,4.744932128,1,5,4,3,86,4.958575,10350,0,1,,0,1,3,3
"Caught your eye (in more ways than one).

@asaafsaristudio

#mycb2",74,74,3810,2025-11-14T08:01:25.000Z,https://www.instagram.com/p/DRB4d2mjr7n/,16-03-2026,14-11-2025,81,54,4.007333185,0,1,5,3,23,3.135266142,4750,0,0,,0,1,4,3
"The more curves, the better.

@lxs_homes
@apataseconcepts

#mycb2",60,60,3812,2024-11-08T07:40:00.000Z,https://www.instagram.com/p/DCGjP06oeln/,16-03-2026,08-11-2024,400,47,3.871201011,0,1,5,3,66,1.852002331,12300,0,0,,0,0,4,3
"As the season changes, the festival of Makar Sankranti lights up homes and hearts.

Where laughter fills the courtyard and traditions linger, delicately embroidered kurtas, two-tone jewellery, silk dupattas, and accessories come together to bring the celebration to life.

Explore the collection.
.
.
.
#Fabindia #CelebrateIndia #CelebratingPeople #MakarSankrant 
[Makar Sankranti, Sankranth, Uttarayan, 
harvest festival, Indian festivities, traditional wear, festive jewellery, silk dupattas, kurta, silk suit]",0,0,3814,2025-10-31T14:33:57.000Z,https://www.instagram.com/p/DQeiTTQkg-2/,16-03-2026,31-10-2025,94,95,4.564348191,2,1,8,3,82,2.121278372,10350,0,1,,1,1,4,3
"When you can’t find the words, let the pillow cover help you through the holidays. 

Shop now!",0,0,3836,2025-11-09T15:37:17.000Z,https://www.instagram.com/p/DQ10tCWCeUs/,16-03-2026,09-11-2025,87,13,2.63905733,1,3,0,3,127,2.740554647,10350,0,1,,1,1,1,3
"Dinner party season. 

Set the table with handcrafted Italian stoneware, tall drinks of handblown glass and more candlelight than you think.",0,0,3836,2025-10-11T18:00:16.000Z,https://www.instagram.com/p/DPrMdrvDiHe/,16-03-2026,11-10-2025,120,24,3.218875825,1,3,6,3,55,4.436870412,4680,1,0,,0,1,2,3
"Double the storage, double the style. 

Shop the Ludlow Trunk Side Table now on www.potterybarn.in or in-stores.",0,0,3854,2025-09-05T18:00:57.000Z,https://www.instagram.com/p/DOOqFVpDKGE/,16-03-2026,05-09-2025,164,81,4.406719247,0,2,1,3,97,4.12500745,4680,1,1,,1,1,0,3
"Summer ’25 New Arrivals

Sunlight spilling gently, conversations shared like fruit — familiar, sweet, and unhurried.

The Picnic That Felt Like Home

Shop silhouettes that celebrate closeness, in colour and in craft.
Now in stores and online. 
.
.
.
.
.
.
.
.
#Summer25 #NewArrivals #EverydayElegance #ModernIndianWear #SlowMoments
#craft #kalamkari #fabindia #cottonwear #summercollection",57,57,3866,2025-01-17T07:50:00.000Z,https://www.instagram.com/p/DE6z_w-MBPj/,16-03-2026,17-01-2025,338,11,2.48490665,2,1,0,3,1,2.114182322,12300,0,0,,0,1,0,3
"Navratri is a time for families to come together, dressing in their festive best, from graceful women’s wear and timeless men’s kurtas to colourful kids ensembles that bring joy to every moment. 

After the dance and devotion, gather around a table styled with handcrafted ceramic dinner sets, perfect for hosting festive feasts and creating memories that linger. 

This season, celebrate tradition, style, and togetherness.
Begin your festive shopping with Fabindia today. 
.
.
.
.

#Fabindia #CelebrateIndia #CelebratingPeople #Navratri2025 #FestiveWear #FamilyCelebration #CelebrateTogether #NavratriShopping #FestiveDining #HandcraftedLiving #IndianFestivities #FestiveStyle

[Navratri, Navratri shopping, family wear, festive wear, men’s festive wear, women’s festive wear, kids’ festive wear, festive kurtas, festive saris, festive outfits, chaniya choli, festive looks, festive dining, dinnerware, ceramic dinner set, handcrafted tableware, Indian festivals, festive gifting, Navratri celebration, family traditions]",0,0,3874,2025-08-01T16:43:13.000Z,https://www.instagram.com/p/DM0cwgBJzye/,16-03-2026,01-08-2025,188,38,3.663561646,1,1,3,3,125,3.514644245,10350,1,1,,1,1,1,3
"Bold ceramics with tactile depth. Designed for modern spaces with soul. 

Visit us in store or shop online at www.westelm.in",61,61,3881,2025-04-13T08:25:00.000Z,https://www.instagram.com/p/DIYUZ-jSSR2/,16-03-2026,13-04-2025,252,101,4.624972813,4,4,4,3,27,2.244685231,9100,1,1,,0,0,0,3
"""I wanted it to be really soft and sensual."" –  @helenachristensen 

Exclusively developed by Helena for BoConcept, our new Lucca fabric is an Italian-made, richly-textured material that invites touch and inspires relaxation.

Experience Lucca yourself with free fabric samples via the link in bio.

-----------------

#ItalianFabric #QuietLuxuryHome #CraftedForComfort",0,0,3000,2026-02-14T06:07:17.000Z,https://www.instagram.com/p/DUuklERCcOk/,16-03-2026,14-02-2026,16,85,4.454347296,0,3,3,3,125,0,10350,0,0,,0,0,1,3
"The new Kanan Sofa from @kravitz_design by @lennykravtiz. Upholstered in a custom Italian twill that will resist stains and fading. Proof style and durability can, in fact, coexist.",85,85,3000,2026-02-15T06:40:00.000Z,https://www.instagram.com/p/DUxNIl4AVgZ/,16-03-2026,15-02-2026,15,26,3.295836866,0,1,3,3,19,2.507845269,9100,1,1,,0,0,4,3
"As the morning sunlight tiptoes into the aangan, 
Saris drape like poetry, 
Time slows down 
and the breeze blows by gracefully...

This new collection glows in soft textures, pastel hues and fabric that breathes with the light. 

Explore delicate cottons and blends to add a touch of subtle charm to your everyday wardrobe. 
.
.
.
.
.
. 
#newarrivals #sari #cottonsari #fabindia #cotton #linensaris #summer25 #summerfashion",0,0,3000,2025-12-30T13:03:26.000Z,https://www.instagram.com/p/DS43o55jAua/,16-03-2026,30-12-2025,46,134,4.905274778,1,4,3,3,137,2.196316986,10350,0,1,,1,1,3,3
"Our Interior Designers brought warmth and harmony to our latest Scotland project by blending the clients’ existing BoConcept pieces with fresh designs.

Soft neutrals, sculptural silhouettes and subtle textures come together to create a calm, contemporary home that feels both personal and beautifully balanced.

Want advice styling your home?
Our Interior Designers are here to help via the link in bio.",0,0,3000,2025-09-12T12:30:00.000Z,https://www.instagram.com/p/DOgJLaeiEd3/,16-03-2026,12-09-2025,160,22,3.135494216,0,1,3,4,1,5.047838,9100,0,0,,0,0,11,3
"Your bedroom deserves all the festive cheer- timeless designs, intricate patterns, warm textures and more! 

Visit in-store or shop online at www.potterybarn.in.",0,0,3000,2025-09-05T08:02:35.000Z,https://www.instagram.com/p/DONo9FKEdib/,16-03-2026,05-09-2025,164,20,3.044522438,0,1,3,4,23,2.704438029,4750,1,0,,0,0,4,3
"A balance of clean lines and handcrafted texture. Our speckled terra cotta vases bring quiet, rustic beauty home. 

Shop now and save!",0,0,3000,2025-08-13T09:08:15.000Z,https://www.instagram.com/p/DNSiLygoyNA/,16-03-2026,13-08-2025,180,10,2.397895273,0,1,3,4,19,3.699102985,4750,1,1,,0,0,3,3
"To define the various spaces in our latest Venezuela project, our Interior Designers introduced Natural Oak finishes, a low-profile modular sofa, and Italian bouclé upholstery. The result is a luxurious living space that balances elegance with family functionality.

Want advice styling your home? Our Interior Designers are here to help via the link in bio.

#LiveDanish #BoConcept #DesignerLivingRoom #DanishSofa #ContemporaryInteriorDesign",66,66,3000,2025-08-07T12:30:00.000Z,https://www.instagram.com/p/DNDcjzXh7vH/,16-03-2026,07-08-2025,185,22,3.135494216,1,1,3,4,1,5.039259,9100,0,0,,0,0,0,3
"Transform your workspace with our Mid-Century Wall Desk and Bookcase collection – crafted for style and organization. 

Shop now and save!",0,0,3000,2025-08-02T07:01:16.000Z,https://www.instagram.com/p/DM1-6WTtLAI/,16-03-2026,02-08-2025,187,108,4.691347882,1,1,3,4,59,3.041307321,4750,0,1,,1,1,2,3
"Make the wedding glow with the regal elegance of Maheshwari saris, and the playful spirit of floral jewellery, mimicking pure joy.

Embellished skirts will dance and twirl in happiness, reflecting the light of the union.

Discover the warmth in every thoughtful detail, woven into every thread of the coming together. This is the celebration of togetherness, forever.

#Fabindia #CelebrateIndia #CelebratingPeople #RishtonKiBaraat #WeddingSeries #CelebrationMood

[wedding fashion, festive outfits, Indian wedding looks, celebration wear, sangeet style, silk saree trend, modern ethnic wear, handcrafted elegance, party edit, wedding season]",0,0,3000,2025-07-24T15:16:11.000Z,https://www.instagram.com/p/DMfscCXpF7O/,16-03-2026,24-07-2025,190,22,3.135494216,0,1,3,4,1,4.546626358,10350,1,1,,1,1,2,3
"New horizons, here we come!

Untraversed roads, winding turns, and moments waiting to be discovered with friends.

Layer up for 2026 with Fabindia. The year has plans waiting to be unravelled.
.
.
.
#Fabindia #CelebrateIndia #CelebratingPeople #winterlayers #traveldiaries 

[Fabindia, Winters, Winter wear, Jackets, men’s jacket, travel diaries, woollen jacket, adventure, layering essentials, mountains, cosy layers]",82,82,3000,2025-05-29T07:45:00.000Z,https://www.instagram.com/p/DKOsWFayNAU/,16-03-2026,29-05-2025,223,21,3.091042453,1,1,3,4,16,4.577406962,9100,1,1,,1,1,2,3
"Set to celebrate. Explore seasonal hosting essentials. 

Available on www.westelm.in and in-stores.",41,41,3000,2025-05-21T07:50:00.000Z,https://www.instagram.com/p/DJ6GljgpPzF/,16-03-2026,21-05-2025,226,111,4.718498871,1,1,3,4,85,1.896388697,12300,0,1,,1,1,0,3
"Summer’25 New Arrivals

A soft escape into breathable cottons and lush monsoon tones.

Where easy layers, relaxed fits, and sun-smart essentials shape the feeling of a slow, open-sky afternoon.

Step into the ease. Explore the edit.

#Fabindia #Summer25 #NewArrivals #StoriesInCotton #CraftedForTheEveryday #VacationEdit #celebratingpeople #vacationedit #monsoondiaries",69,69,3000,2025-05-12T07:50:00.000Z,https://www.instagram.com/p/DJi7YDSyUDc/,16-03-2026,12-05-2025,231,14,2.708050201,1,3,3,4,206,3.177520687,9100,0,0,,1,0,0,3
"This is what happens when less is actually more.

@alvinwayne @sans.murs
@lxs_homes

#mycb2",71,71,3000,2025-03-23T07:30:00.000Z,https://www.instagram.com/p/DHiJXCDoMF-/,16-03-2026,23-03-2025,270,22,3.135494216,0,3,3,4,1,2.970377484,12300,1,0,,1,0,0,4
"Bedrooms that exceed all expectations.

@alvinwayne
@stagedtosellhome

#mycb2",94,22,346,2026-03-13T18:01:34.000Z,https://www.instagram.com/p/DV1TVWiAXGp/,16-03-2026,13-03-2026,1,49,3.912023005,0,1,4,4,50,2.515760157,4680,0,0,,1,1,7,4
"Soft, sleek, and timeless. Our Modern Silk Pillow adds a luxe layer to your living room or bedroom. 
Shop in stores or online at www.westelm.in",49,25,751,2026-03-09T08:41:29.000Z,https://www.instagram.com/p/DVqEgl9CTr2/,16-03-2026,09-03-2026,3,110,4.709530201,0,1,4,4,135,0,10350,1,0,,0,1,8,4
"Looking for an affordable piece to refresh your living room?

Our LIVE STYLE FOR LESS edit offers a curated selection of premium Danish designs at minimalist prices. 

Shop the edit via the link in our bio.",92,92,1631,2025-09-24T23:00:09.000Z,https://www.instagram.com/p/DPAJfn-jOva/,16-03-2026,24-09-2025,144,103,4.644390899,1,1,7,4,255,0,4680,1,0,,1,0,6,4
"Sleek lacquer meets rich wood in this modern media console.

Tap to shop now.",353,353,1710,2025-12-22T06:32:53.000Z,https://www.instagram.com/p/DSjklYyk1hQ/,16-03-2026,22-12-2025,53,21,3.091042453,0,1,5,4,48,3.580002124,12300,1,1,,0,1,7,4
"Curate joy this season with artful gifts inspired by the natural world.

Wall art, sculptures and soft furnishings crafted with character.

Featured gifts:
(01) Washed Linen bedspread
(02) Flora 6 vase
(03) Flora 8 Gallery
(04) Sweet Art candlestick
(05) Velvet leaf sculpture

#MindfulDesign #CraftedForComfort #FunctionalLuxury #DesignerLivingRoom

Tap the link in bio to explore our gift guide.",353,353,1725,2025-12-25T11:40:00.000Z,https://www.instagram.com/p/DSr2Nj_Adrk/,16-03-2026,25-12-2025,48,14,2.708050201,0,1,1,4,47,4.46590469,9100,0,0,,0,0,0,4
"Your moment in the sun is coming.

New outdoor collections designed for comfort. Made to last season after season.",240,240,1825,2025-10-01T12:30:00.000Z,https://www.instagram.com/p/DPRESXlCKsX/,16-03-2026,01-10-2025,133,61,4.127134385,0,1,2,4,61,0,9100,1,0,,1,1,1,4
"Set the mood with a warm glow and unique design with our Mid-Century Wood Lanterns. 

Get your own with the link in bio.",69,69,1855,2025-09-28T13:30:48.000Z,https://www.instagram.com/p/DPJc19Gk2_S/,16-03-2026,28-09-2025,138,98,4.59511985,0,0,2,4,34,5.157974,4750,0,1,,0,1,0,4
"Sculpted simplicity, timeless woodwork. The Hadley Sofa brings home quiet luxury.

Visit now or shop online at www.westelm.in",74,74,1888,2025-03-19T07:45:00.000Z,https://www.instagram.com/p/DHX362sSjkp/,16-03-2026,19-03-2025,275,28,3.36729583,0,1,1,4,64,4.159903888,12300,1,1,,0,1,2,4
"2026 colour trends look to warmth and individuality:

Warm neutrals introduce quiet sophistication
Earthy terracotta shades add depth and personality
Calming greens bring a fresh, restorative energy.

Click the link in bio to shop the rooms.",45,45,1894,2025-03-03T08:40:00.000Z,https://www.instagram.com/p/DGuxcQUy_Ge/,16-03-2026,03-03-2025,284,32,3.496507561,2,1,2,4,64,4.15049738,12300,0,1,,1,1,0,4
"Nature, captured by @helenachristensen .

The Flora collection spans art prints and sculptural pieces that translate organic forms into softly expressive compositions. Thoughtful accents that bring a sense of calm, texture and natural beauty to your space.

Discover Flora via the link in our bio.

#MinimalistHomeDecor #DesignForLiving #ContemporaryInteriorDesign #MindfulDesign",93,93,1922,2025-05-07T07:40:00.000Z,https://www.instagram.com/p/DJWCOk1ShBK/,16-03-2026,07-05-2025,238,18,2.944438979,1,1,0,4,60,3.19270875,9100,0,1,,0,0,3,4
"The brownstone bedroom. 

@stagedtosellhome

#mycb2",0,0,1930,2025-10-13T12:30:00.000Z,https://www.instagram.com/p/DPv943vgiZf/,16-03-2026,13-10-2025,118,52,3.970291914,0,1,5,4,60,4.660769496,12300,0,1,,0,0,1,4
"Indulge in the beauty of sustainably sourced mango wood with Reed’s minimalist frame. 

Discover the collection via the link in bio.",89,14,2316,2026-02-27T11:47:59.000Z,https://www.instagram.com/p/DVQp52fgilG/,16-03-2026,27-02-2026,6,48,3.891820298,0,1,2,4,93,5.010932028,12300,1,0,,0,1,0,4
"𝐓𝐡𝐞 𝐒𝐨𝐧𝐠 𝐨𝐟 𝐒𝐩𝐫𝐢𝐧𝐠, 𝐒𝐞𝐜𝐨𝐧𝐝 𝐕𝐞𝐫𝐬𝐞. 
𝑪𝒉𝒊𝒌𝒂𝒏𝒌𝒂𝒓𝒊 𝒊𝒏 𝑩𝒍𝒐𝒐𝒎.

A season painted in lavender, where the Ghaas Patti stitch comes alive like spring foliage in bloom, and silhouettes feel light as air.

A mother in her lavender kurta, her little one in a matching dress. Sunlight on their sleeves, laughter in the air, and spring stitched into every delicate detail.

Handcrafted by artisans, every piece is a celebration of timeless Chikankari and the beauty of togetherness.

Step into your nearest store or shop online to explore dresses, kurtas and more.
.
.
.
.
#Fabindia #CelebrateIndia #Chikankari #SongofSpring 
[Chikankari, Song of Spring, Lavender Love, Spring Style, Indian Wear, Ethnic Fashion, Kurta Set, Summer Dressing, Pastel Outfits, Mother Daughter Twinning, Handmade Craft]",89,89,2682,2025-05-18T07:15:00.000Z,https://www.instagram.com/p/DJyULWAzibC/,16-03-2026,18-05-2025,227,17,2.890371758,1,1,5,4,45,3.487813424,9100,1,0,,0,1,6,4
"Add elegant patterns, earthy tones, and artisanal craftsmanship to every meal with our Puebla Collection.

Shop online or in-store now.",75,75,2690,2025-12-25T09:04:40.000Z,https://www.instagram.com/p/DSrkVu-E89w/,16-03-2026,25-12-2025,48,20,3.044522438,0,3,3,4,20,3.760337597,12300,1,1,,0,1,0,4
"Crafted from Butterscotch marble, each bowl is one of a kind — naturally unique,
effortlessly elegant.

Shop now.",0,0,3000,2025-01-26T07:40:00.000Z,https://www.instagram.com/p/DFR9-KjoxwG/,16-03-2026,26-01-2025,330,23,3.17805383,2,1,3,4,1,4.652331359,12300,1,0,,0,1,1,4
"Our two-tiered Art Display Coffee Table brings mid-century style to your living room.

Shop newly added products on sale now at West Elm.",0,0,3000,2024-12-22T07:35:00.000Z,https://www.instagram.com/p/DD31mmWot_v/,16-03-2026,22-12-2024,367,19,2.995732274,5,1,3,4,1,4.545013436,9100,0,1,,1,0,3,4
"Sleek, modern, and built to last—meet the Axel Side Table.

Tap to shop now.",77,77,3000,2024-12-15T20:00:00.000Z,https://www.instagram.com/p/DDnJVZCysI-/,16-03-2026,15-12-2024,373,22,3.135494216,2,1,3,4,83,3.599694611,12300,1,0,,0,1,0,4
"The Song of Spring arrives with a breath of fresh air in a soft white palette, inspired by Cloud Dancer- a luminous shade that reflects calm skies, clarity and a sense of quiet renewal.

Chikankari blooms across silhouettes for women, men and kids through this serene shade of white.

From Bakhiya kurtas to delicately embroidered, intricately handwoven styles, we bring you the best of the season. 

Discover the timeless beauty of Chikankari with The Song of Spring.
.
.
.
#fabindia #celebrateIndia #Celebratingpeople #SongOfSpring #Chikankari
[chikankari, cloud dancer, spring white palette, handcrafted embroidery, bakhiya kurta, men’s chikankari, women’s chikankari, kids chikankari, indian craft, spring fashion, embroidered kurta, breathable cotton styles]",31,31,3050,2026-02-17T13:08:43.000Z,https://www.instagram.com/p/DU3DMYbEykr/,16-03-2026,17-02-2026,14,25,3.258096538,1,1,4,4,1,0,12300,0,0,,0,0,2,4
"Bring the beauty of nature indoors with the Flora collection by @helenachristensen . 

With new designs ranging from soft furnishings to sculptural objects, each of these nature-inspired accessories reflects Helena Christensen's eye for detail and love of organic forms.

Follow the link in bio to explore the full collection.

#LiveDanish #BoConcept #QuietLuxuryHome #MindfulDesign #CraftedForComfort",56,56,3050,2026-02-01T08:05:17.000Z,https://www.instagram.com/p/DUNTtRhjk35/,16-03-2026,01-02-2026,25,86,4.465908119,1,3,4,4,68,4.649448995,4750,1,1,,0,0,3,4
"Toast to good fortune and festivities. 

Complement your celebration with these elegant gold-scattered cocktail glasses.",0,0,3050,2026-01-21T19:00:48.000Z,https://www.instagram.com/p/DTx8hYNEuRs/,16-03-2026,21-01-2026,29,100,4.615120517,0,6,4,4,89,2.763630191,4680,1,1,,1,1,1,4
"Your Last Chance to Save Big on our curated pieces! Enjoy limited-time offers on your favorite items. 

Shop now.",87,87,3050,2026-01-19T15:04:58.000Z,https://www.instagram.com/p/DTslciWicTw/,16-03-2026,19-01-2026,30,50,3.931825633,1,7,4,4,179,2.002429237,10350,1,0,,1,1,7,4
"An island of curves and calm, the new Ø chair by Helena Christensen brings softness and sensuality to this minimalist living room. 

Shop the Ø lounge chair via the link in our bio.

-----------------

#ModernLivingRoom#QuietLuxuryHome #InteriorGoals",0,0,3050,2026-01-19T12:20:00.000Z,https://www.instagram.com/p/DTsSk_fk6c8/,16-03-2026,19-01-2026,30,21,3.091042453,0,1,4,4,1,5.245380739,12300,1,1,,1,1,2,4
"Mixed marbles, found objects, a little bit of pattern. Proof that collecting isn't clutter—it's character.

@stagedtosellhome
@den.styling
@labollastudio

#mycb2",58,58,3050,2026-01-17T12:40:00.000Z,https://www.instagram.com/p/DTnLSdhgSKg/,16-03-2026,17-01-2026,32,24,3.218875825,1,1,4,4,1,5.133899419,9100,0,1,,1,1,8,4
"Delight your guests with a salad plate that’s as exquisite as the delicacies it holds. 

Tap the link in our bio to shop for the essentials.",0,0,3050,2025-11-25T08:01:24.000Z,https://www.instagram.com/p/DReNNVJDtiI/,16-03-2026,25-11-2025,78,17,2.890371758,1,1,4,4,58,2.984147436,4750,0,1,,1,1,3,4
"Step inside @mfisher_nyc's sanctuary in the city, where the architecture of a pleated lampshade is just as impactful as the crown of the historic Woolworth Building outside the window.",0,0,3050,2025-08-27T12:30:00.000Z,https://www.instagram.com/p/DN28gBm0AoA/,16-03-2026,27-08-2025,171,17,2.890371758,0,1,4,4,1,4.887770425,9100,1,1,,1,1,8,4
"A cozy Christmas dinner table featuring our gingerbread collection. Celebrate away!🎄✨
Visit in-store or shop online at www.potterybarn.in",67,67,3050,2025-06-23T08:18:54.000Z,https://www.instagram.com/p/DLPICn4BpeP/,16-03-2026,23-06-2025,212,29,3.401197382,0,1,4,4,1,4.534141966,9100,0,1,,1,0,4,4
"A living room dressed in deep greens, winter whites, and soft gold bringing rustic elegance home this season. 🎄

 

Visit in-store or shop online at www.potterybarn.in",31,31,3050,2025-04-17T07:44:33.000Z,https://www.instagram.com/p/DIii2Y_SeYX/,16-03-2026,17-04-2025,246,26,3.295836866,3,1,4,4,1,0,9100,1,0,,0,0,0,4
"At west elm during India Design ID 2026, we were reminded that design isn’t just about objects — it’s about interaction.

Our space evolved into more than a showcase; it became a meeting point. A place where curiosity sparked dialogue, where details invited discovery, and where perspectives met and expanded. Watching designers, thinkers, and enthusiasts engage so openly reinforced something we deeply believe: creativity thrives in community.

#Design #TheLivingGallery #ModernCollectibles
#InteriorDesign #IndiaDesignID2026",37,37,3050,2025-03-27T08:22:04.000Z,https://www.instagram.com/p/DHsiczWSoDn/,16-03-2026,27-03-2025,262,22,3.135494216,1,1,4,4,1,4.75158791,9100,0,0,,0,1,2,4
"Hand-blown soda lime glass, contemporary silhouettes, and effortless charm. A refined touch for tables, mantels, and shelves. 
Shop in stores or online at www.westelm.in",52,52,3050,2025-03-10T08:00:00.000Z,https://www.instagram.com/p/DHAug3GomYK/,16-03-2026,10-03-2025,282,24,3.218875825,2,1,4,4,1,5.256878941,12300,0,1,,0,0,6,4
"Soft texture, bold detail. A pillow that pulls the whole room together.

Shop in stores or online at www.westelm.in",78,78,3050,2025-03-05T10:13:37.000Z,https://www.instagram.com/p/DG0FunGSCGA/,16-03-2026,05-03-2025,282,43,3.784189634,0,1,4,4,85,2.29079751,12300,1,0,,1,0,0,4
"Make your winter wonderland feel larger than life with the Faux Mixed Berries Wreath Garland. 

Shop now on www.potterybarn.in or in-stores.",29,29,3050,2024-11-22T07:35:00.000Z,https://www.instagram.com/p/DCqlupaSg3Q/,16-03-2026,22-11-2024,390,15,2.772588722,2,3,3,4,1,2.269041636,9100,1,1,,0,1,0,4
"At just 12, Pandi Ram Mandavi began learning the secrets of tribal woodcraft from his father and grandfather in Narayanpur, Bastar. What began as a child’s initiation into tradition soon became a lifelong devotion to craft and culture.

Today at 68, honored with the Padma Shri and affectionately known as the “Shilp Guru”, he stands as the torchbearer of Gond Muria artistry. From reviving Bastar’s wooden sculptures and embossed paintings to keeping alive the soulful Sulur flute, Mandavi has carved a language that speaks beyond borders.

“All credit goes to my father,” he shares, carrying forward a legacy that has outlived struggle, insurgency, and time itself.

From Narayanpur to Naples, his creations have travelled across continents, finding space in museum halls, luxury hotels, and cultural showcases. He didn’t speak the same language as his audiences, yet his art needed no translation.

By training more than 1,000 artisans, he has ensured that Bastar’s voice will never fade but will echo through every generation.

.
.
.
#fabindia #celebrateIndia #celebratingpeople",0,0,3050,2024-11-19T09:14:07.000Z,https://www.instagram.com/p/DCjCqFZS2q2/,16-03-2026,19-11-2024,394,15,2.772588722,2,1,3,4,1,2.260846017,9100,1,1,,0,0,3,4
"A soothing scent is perfect after a busy day. 

Shop the Alura Homescent Collection on www.westelm.in or in-stores now.",46,46,3050,2024-09-23T12:30:00.000Z,https://www.instagram.com/p/DAQn0anSK7Q/,16-03-2026,23-09-2024,427,25,3.258096538,0,2,3,4,1,3.675269953,12300,0,1,,1,0,2,4
"Lounge-worthy in every way. 

The Haven Leather Sectional is low, laid-back, and seriously comfortable—perfect for movie nights, mid-day naps, or just sprawling out in style.",0,0,3166,2025-11-29T08:03:32.000Z,https://www.instagram.com/p/DRogoeZjk1l/,16-03-2026,29-11-2025,73,3,1.386294361,1,1,0,4,22,5.2488,4750,1,0,,0,1,1,4
"From heritage details to modern comfort - the Chesterfield Sofa is designed to impress and
crafted to last. 

Shop now.",0,0,3172,2026-02-17T08:14:59.000Z,https://www.instagram.com/p/DU2hlEkk6IC/,16-03-2026,17-02-2026,14,110,4.709530201,0,1,2,4,50,4.163340274,4750,1,0,,0,1,1,4
"Form meets function. Our Shape Studies Vases double as sculpture—add botanicals or let them stand alone for an effortlessly bold statement. 
Tap to shop now!",88,88,3500,2026-02-10T08:15:57.000Z,https://www.instagram.com/p/DUkgFOMjnzX/,16-03-2026,10-02-2026,21,56,4.043051268,0,5,3,4,74,0,4750,1,0,,0,0,4,4
"Our Interior Designers decorated this Glasgow home with a mix of beige and brown shades with black accents. The result is an elegant look  with a practicality and cosiness that caters to modern family life. 

Want advice styling your home? Our Interior Designers are here to help via the link in bio.

-----------------

#ModernInteriorDesign #CosyLivingRoom #LuxuryFurniture",90,90,3500,2025-11-13T15:53:46.000Z,https://www.instagram.com/p/DRAJxUyiZ7-/,16-03-2026,13-11-2025,83,33,3.526360525,0,1,4,4,41,5.041194997,10350,0,1,,1,1,9,4
"Love is in the details—declutter and organize your space with the Douglas Dresser & Nightstand. With ample storage and timeless style, it’s the perfect way to create a cozy, clutter-free retreat for you and your Valentine. 

Shop now!",82,82,3502,2026-01-29T19:01:19.000Z,https://www.instagram.com/p/DUGi6DFknBW/,16-03-2026,29-01-2026,25,74,4.317488114,0,7,9,4,116,3.174563939,4680,1,0,,0,1,5,4
"Comfort meets timeless design for the holiday season. 

Shop the Textured Checker Pillow Cover online and in-stores now.",91,91,3503,2025-03-17T10:22:32.000Z,https://www.instagram.com/p/DHTASaPy6-F/,16-03-2026,17-03-2025,275,22,3.135494216,0,3,2,4,42,4.61384989,12300,1,0,,0,1,4,4
"Winter dressing is about getting the layers right.

I start with a cashmere shawl, soft, warm, and unmistakably premium. It sits lightly on the body yet delivers warmth that lasts through the day.

Handwoven wool jackets add shape and structure, while an Ajrakh printed top brings in texture and detail. Each layer works on its own, and even better together.

Simple, refined, and considered; winter dressing the Fabindia way.

What I’m wearing:
• Black & beige cashmere shawl and stole. 
• Wool thigh-length panelled jacket with band collar
• Handwoven wool panelled jacket
• Ajrakh printed Arcadian top

#Fabindia #CelebrateIndia #Celebratingpeople #CashmereShawl #WinterLayers",89,89,3505,2025-10-19T12:30:00.000Z,https://www.instagram.com/p/DP_amyagSyt/,16-03-2026,19-10-2025,113,20,3.044522438,1,4,2,4,9,4.944123,9100,1,1,,0,0,2,4
"The perfect gift for anyone who loves to add a touch of modern elegance to their home. 

Shop the Polishes Metal Vases on www.westelm.in and in-stores now.",89,89,3539,2026-02-11T13:35:12.000Z,https://www.instagram.com/p/DUnpdGtCSCL/,16-03-2026,11-02-2026,18,76,4.343805422,0,9,1,4,171,2.568730189,10350,1,1,,1,0,6,4
"Often called “soft gold,” cashmere is the ultimate expression of weightless warmth, harvested from the delicate undercoat of goats that roam the frost-shattered peaks of Central Asia.

This noble fibre takes its very name from the Kashmir region, the historic heart of the trade where centuries-old artisanal mastery first transformed raw fleece into the world’s most coveted textiles.

Its legendary status is owed to a fibre so incredibly fine it that it can be threaded through a ring, smoothly and it also creates a thermal embrace up to eight times warmer than wool, yet feels as ethereal as a second skin.

To wear it is to experience a heritage of absolute refinement—a rare, tactile indulgence that remains the gold standard of quiet, conscious luxury.

Fabindia takes great care to wrap and pack your cashmere shawls and stoles with love and care.
To us, these are pieces of art that will only improve with the passage of time.
.
.
.
.
#Fabindia #Celebratelndia #CelebratingPeople #Cashmere 
[cashmere shawls, cashmere stoles, soft gold fibre, natural undercoat, winter layers, heirloom pieces]",225,225,3773,2024-09-13T12:30:00.000Z,https://www.instagram.com/p/C_232WvSfAR/,16-03-2026,13-09-2024,435,57,4.060443011,1,2,5,4,74,4.768590143,12300,1,1,,1,0,0,4
"A bedroom so good, they'll want to extend their stay. It's the art of hospitality.",0,0,3777,2025-08-13T12:30:00.000Z,https://www.instagram.com/p/DNVeLDZBSx1/,16-03-2026,13-08-2025,182,11,2.48490665,1,1,12,4,2,4.208372335,9100,0,1,,0,1,8,4
"Intricate floral patterns and traditional stoneware make the Fez Dinnerware Collection a classic addition to your table - now on sale. 

Shop in-stores or online at www.westelm.in",90,90,3778,2024-11-04T13:27:04.000Z,https://www.instagram.com/p/DB83rkJSkyj/,16-03-2026,04-11-2024,405,24,3.218875825,0,1,8,4,1,0,12300,1,1,,1,0,4,4
"Every month we celebrate the style and individuality of our community. This time, cool-toned neutrals set the tone as the Ottawa dining chair makes a statement in two contemporary dining spaces.

For a refined look, @nyomi.kive opts for the Ottawa table and chairs, allowing the collections distinctive form to make statement in the calm, minimal scheme.

@cini_slowhome pairs Ottawa dining chairs with the Madrid table, drawing focus to sculptural silhouettes and architectural lines.

Tap the link in bio to shop the Ottawa collection.",0,0,3795,2025-11-29T18:01:30.000Z,https://www.instagram.com/p/DRpXUKqEsCT/,16-03-2026,29-11-2025,72,76,4.343805422,2,1,6,4,80,2.17401166,4680,0,1,,0,0,6,4
"In our recent Edinburgh project, our Interior Designers applied a singular colour palette, layered with soft bouclé, smooth ceramics, matte wood, and brushed metal finishes. Similar in shade but varied in texture, these elements work together to bring depth, warmth, and quiet drama.

Our experts are on hand to help turn your bedroom into a peaceful sanctuary. Follow the link in our bio for personalised advice.",45,5,207,2026-03-07T08:02:00.000Z,https://www.instagram.com/p/DVk2WZrisEw/,16-03-2026,07-03-2026,3,90,4.510859507,0,1,7,5,49,4.183705537,4750,0,0,,1,0,3,4
"When @lennykravitz was a child in New York City in the late 1960s, his family lived in a one-bedroom apartment where space was limited. But style was never compromised. “I lived in the bedroom as a child. My parents slept on a pullout couch that was in the living room,” he tells ELLE Decor. “And the apartment was really chic and interesting.” His mother worked in theater, his father was a news producer at NBC—as Kravitz puts it, “they were regular working folks” who created magic within modest means.

That early lesson in accessible style is woven throughout @kravitz_design's latest collaboration with @cb2—Kravitz’s most refined work yet and the culmination of a decade-long partnership that has redefined what affordable design can be.

At the link in our bio, engagement editor @julia.cancilla spoke with Kravitz about the new collection.",0,12,986,2026-03-03T08:02:26.000Z,https://www.instagram.com/p/DVajOusDdfm/,16-03-2026,03-03-2026,4,51,3.951243719,0,1,6,5,29,0,4750,1,0,,0,1,5,4
"This festive season, explore Pottery Barn for your corporate gifting. Reach out to us for bulk order inquiries.",75,75,2040,2025-01-16T19:20:00.000Z,https://www.instagram.com/p/DE5eKWgNJsi/,16-03-2026,16-01-2025,338,12,2.564949357,0,1,13,5,82,1.966685827,9100,0,0,,0,0,10,4
"Toast to a season of style. 

Add a touch of art deco glamor to your home bar with our Bleecker Collection.",83,83,2040,2024-11-01T07:45:52.000Z,https://www.instagram.com/p/DB0iP9XygXo/,16-03-2026,01-11-2024,412,20,3.044522438,4,1,14,5,17,2.092456743,9100,0,0,,0,0,10,4
"आई रे बसंत |
This Basant Panchami, celebrate ऋतु परिवर्तन and new beginnings with colours steeped in tradition.

From radiant yellow saris with zari detailing paired with classic two-tone jewellery, to delicately embroidered festive wear for kids, welcome spring with Fabindia. 
.
.
.
#Fabindia #Celebratelndia #CelebratingPeople #BasantPanchami

[Basant Panchami celebration, spring fashion India, yellow ethnic wear, handcrafted saris, zari work saris, festive Indian wear, kids festive outfits, Indian jewellery]",340,340,2042,2026-01-28T13:20:00.000Z,https://www.instagram.com/p/DUDksZ_AbbM/,16-03-2026,28-01-2026,26,22,3.135494216,0,1,3,5,60,5.195185486,9100,0,1,,0,1,1,4
"A new season is an invitation to simplify and the Santiago sideboard brings calm to everyday living. With clean lines, timeless wood finishes and considered storage, Santiago is designed to hide clutter and highlight what matters most.

Ready for a refresh? Shop Santiago via the link in our bio.

#FunctionalLuxury #ModernLivingRoom #DesignForLiving #ContemporaryInteriorDesign",86,86,2056,2026-02-17T15:04:15.000Z,https://www.instagram.com/p/DU3QaoDAXem/,16-03-2026,17-02-2026,14,28,3.36729583,0,0,11,5,54,3.913459459,9100,1,0,,1,0,0,4
"“Clean lines, comfort, and conscious craftsmanship that’s our design language.”
– @westelm_india 

Our Associate Sponsor @westelm_india is coming to Design Democracy 2025 in the Atelier Pavilion, bringing its signature mid-century modern style and sustainable sensibility to Hyderabad. Known for timeless furniture, layered textures, and ethical sourcing, the brand curates spaces that blend style with ease.

At this year’s showcase, experience highlights from their Summer 2025 collection, think seafoam palettes, vintage accents, and all-weather pieces designed to elevate indoor and outdoor living.

5th – 7th September | Hitex Exhibition Centre, Hyderabad

#WestElmIndia #MidCenturyModern #SustainableDesign #EverydayLuxury #SummerCollection2025 #DesignDemocracy2025 #DDExhibitor2025 #AtelierPavilion #HyderabadDesignWeek",59,59,2065,2025-08-29T08:15:22.000Z,https://www.instagram.com/p/DN7o2uaDAd3/,16-03-2026,29-08-2025,171,68,4.234106505,1,1,6,5,30,3.535764043,4750,1,0,,1,1,3,4
"An ode to Cabana Calm.

Rooted in Cabana printed motifs and touched by tropical ease, this cotton table linen brings quiet structure to everyday settings. 

Soft hues, relaxed detailing, and a mood that mirrors slow, sunlit mornings.

Shop the Collection online & in-store.

#FabindiaLiving #CabanaMotif #TropicalEdit #TableLinenStory #CraftedForTheEveryday #fabindia #homeliving #tabletopdecor #breakfast #tropical #printedtablecloth",84,84,2074,2025-06-05T07:25:00.000Z,https://www.instagram.com/p/DKgrnvsSEat/,16-03-2026,05-06-2025,217,32,3.496507561,1,1,2,5,52,0,9100,0,0,,0,1,1,4
"A curvy, inviting seat that swivels effortlessly—perfect for stylish, comfortable conversation. 

Visit the store to shop the Balboa Armchair or order online at www.potterybarn.in now!",0,12,2077,2026-03-12T17:02:09.000Z,https://www.instagram.com/p/DVyedfAijoz/,16-03-2026,12-03-2026,2,36,3.610917913,0,1,11,5,105,5.182076011,4680,1,1,,1,1,10,4
"The Bolzano sofa brings understated elegance to any space. 

As shared by @tysenn_interior, @soljasuutarinen and @atelier_compostelle, it's hard to resist the soft curves and strong presence of the Bolzano sofa.

Bring quiet luxury home with the Bolzano sofa when you follow the link in our bio.",37,37,2087,2026-01-26T18:00:40.000Z,https://www.instagram.com/p/DT-4V1DiFrL/,16-03-2026,26-01-2026,27,135,4.912654886,1,1,2,5,63,4.863612,4680,1,1,,0,0,3,5
"Bring on the charm, Libra.

@mif_design
@sevensenses_design
@foxwood.designco

#mycb2",0,0,2113,2025-12-01T08:01:05.000Z,https://www.instagram.com/p/DRtp8Mxjrbt/,16-03-2026,01-12-2025,69,199,5.298317367,1,4,3,5,13,0,4750,0,1,,1,0,4,5
"Every month we celebrate the style and individuality of our community. This time, we're inspired by minimalist coffee tables. 

With its slender silhouette, the Bornholm coffee table embodies simplicity and sophistication. @casa_calliolla uses two complementary heights to emphasise the curved tabletop and create an intimate atmosphere.

The Lugo coffee table is a versatile design piece thanks to its clean lines and a low profile. Styled here by @designby.se, it forms an understated backdrop for decorative objects and quiet relaxation.

Find a minimalist coffee table for your home via the link in our bio.

#LiveDanish #BoConcept #DesignForLiving #MindfulDesign",0,0,2691,2025-04-21T07:20:00.000Z,https://www.instagram.com/p/DIszOo7yufN/,16-03-2026,21-04-2025,242,74,4.317488114,1,1,4,5,1,4.813492,12300,1,0,,1,0,0,5
"Can’t wait for Black Friday? Neither can we! 

Stay tuned for exclusive deals on statement furniture, stunning lighting and more.",39,39,3100,2025-10-11T12:30:00.000Z,https://www.instagram.com/p/DPq0OgTExtR/,16-03-2026,11-10-2025,119,17,2.890371758,0,1,7,5,1,4.763188,12300,0,1,,0,0,2,5
"Your workday sees many versions of you.
So why should your outfit stay the same?

Introducing Write Your Own Code, where Fabindia at Work meets your code of styling.

Think sharp layers, soft drapes, and easy silhouettes that let every version of you show up confidently.

Today’s look?
The one that feels unmistakably yours.
.
.
.
#Fabindia #CelebrateIndia #Celebratingpeople #WriteYourOwnCode #Workstyle

[Fabindia at Work, Write Your Own Code, effortless style, modern classics, workwear edit, elevated essentials, versatile silhouettes, layering, handcrafted details, everyday elegance, Indian contemporary, smart dressing, office style, timeless fashion, comfort meets style]",0,0,3100,2025-09-16T12:30:00.000Z,https://www.instagram.com/p/DOqcbjACET2/,16-03-2026,16-09-2025,154,18,2.944438979,1,1,7,5,1,5.16883,9100,0,1,,0,1,6,5
"Bring Rakhi home with the details that matter.
Zari cutwork saris, viscose silk slim long kurtas, silk-blend potlis, and Gulmohar ceramic dinnerware, everything styled for celebration.

Set the table. Wrap the gift. Make the moment count.

Available now, in-store and online.

[ Fabindia, Raksha Bandhan, handcrafted rakhis, sibling gifting, festive gift boxes, men’s festive wear, personal care gifts, artisanal food hampers, thoughtful presents, curated celebrations, Indian traditions, brother sister bond, meaningful rituals, festival gifting ]

#Fabindia #CelebrateIndia #CelebratingPeople #Svarnim #RakhiReady #IndianFestiveWear #GiftingSeason #HomeAndLiving #CeramicDinnerware #PotliBag #SilkKurta #ZariSari #FestiveLooks #SiblingCelebration #gifting",63,63,3100,2025-09-12T07:30:57.000Z,https://www.instagram.com/p/DOfm5p6DnXm/,16-03-2026,12-09-2025,159,67,4.219507705,1,4,7,5,26,0,4750,1,0,,1,1,4,5
"As the pot overflows with the season’s first rice, may our lives overflow with shared moments and the warmth of kinship. 

Let us celebrate the sun that sustains us and the family that grounds us, honouring the beautiful harvest of love we’ve gathered throughout the year. 

Celebrate Pongal in handcrafted Bagru printed saris, comfortable hand block ethnic sets for kids, and timeless long kurtas for men.
Discover vibrant festive styles at Fabindia today.
.
.
.
.
#Fabindia #CelebrateIndia #CelebratingPeople #Pongal #PongalCelebration

[Pongal festival 2026, Pongal traditional dress, South Indian harvest festival Pongal, handloom saris for Pongal, Bagru print sari, ethnic wear for kids India, men’s kurta for Pongal]",51,51,3100,2025-08-13T12:30:00.000Z,https://www.instagram.com/p/DNS5beSTs5G/,16-03-2026,13-08-2025,181,22,3.135494216,1,1,7,5,1,3.898806493,12300,0,1,,1,0,5,5
"For your spaces that inspire. For surfaces that last. 
Crafted from reclaimed wood, made to support your best ideas.

Visit us in-store or shop online at www.potterybarn.in",0,0,3100,2025-08-11T12:30:00.000Z,https://www.instagram.com/p/DNNv0oXzu_A/,16-03-2026,11-08-2025,182,21,3.091042453,0,1,7,5,1,2.07054984,12300,0,0,,0,1,4,5
"Festive decor for a magical Diwali. 

Discover our collection of shimmering tealight holders, elegant tableware, and more.",41,41,3100,2024-08-30T12:30:00.000Z,https://www.instagram.com/p/C_S0vo5ysYw/,16-03-2026,30-08-2024,449,30,3.433987204,11,1,6,5,1,4.84374449,12300,1,0,,0,1,11,5
"Vintage charm, reversible effortless style. 

Shop the collection and transform your bedroom now.",86,86,3101,2024-12-31T08:25:00.000Z,https://www.instagram.com/p/DEPGdhGSxA-/,16-03-2026,31-12-2024,356,24,3.218875825,1,2,3,5,62,4.2868379,9100,1,0,,0,0,0,5
The warmest table.,353,353,3113,2025-12-24T13:10:00.000Z,https://www.instagram.com/p/DSpbu7WkzZY/,16-03-2026,24-12-2025,50,26,3.295836866,1,2,1,5,200,0,12300,0,1,,0,0,1,5
"Streamlined design meets functional beauty—our Aptos Console Table is the perfect piece for stylish storage. 
 Shop online at www.potterybarn.in or in-stores now.",0,0,3140,2025-02-24T08:00:00.000Z,https://www.instagram.com/p/DGcrTYkoiOL/,16-03-2026,24-02-2025,295,22,3.135494216,1,2,0,5,61,3.75236863,12300,1,1,,0,1,0,5
"BLACK WEEK is coming.
 
Sign up now to enjoy early access to our biggest sale of the year.
 
Click the link in bio.",95,95,3144,2025-10-05T12:30:00.000Z,https://www.instagram.com/p/DP1Ha77iEH9/,16-03-2026,05-10-2025,127,20,3.044522438,1,1,1,5,76,5.197267165,9100,1,0,,0,0,7,5
"Experience the magic of Diwali. 

Illuminate your space with a cluster of these meticulously crafted candle holders.",0,0,3156,2026-02-09T18:01:00.000Z,https://www.instagram.com/p/DUi7qoXgS87/,16-03-2026,09-02-2026,22,60,4.110873864,1,1,4,5,76,2.219873977,4680,1,1,,0,0,0,5
"Lightweight and versatile for any patio, garden, or table.
 Shop the Ira Lantern on www.westelm.in or in-stores now",0,0,3156,2024-12-18T07:35:00.000Z,https://www.instagram.com/p/DDtiecuyrNH/,16-03-2026,18-12-2024,369,17,2.890371758,1,1,8,5,1,3.104475834,9100,0,0,,1,0,8,5
"Experience effortless luxury with our plush swivel chair and accent pillow—where style and comfort seamlessly blend. 

Explore now on www.potterybarn.in & in-store.",0,0,3163,2025-11-08T18:01:43.000Z,https://www.instagram.com/p/DQzSpbNj_Le/,16-03-2026,08-11-2025,88,48,3.891820298,1,5,3,5,153,2.317994557,4680,1,0,,1,1,5,5
"Add the Remmi Planter for the perfect finishing touch to your patios, gardens, or entryways. 

Tap to transform your outdoor space today!",30,30,3171,2025-02-08T08:15:00.000Z,https://www.instagram.com/p/DFzgW-XoXR_/,16-03-2026,08-02-2025,320,21,3.091042453,3,1,1,5,46,4.475085583,9100,0,0,,1,0,5,5
"Sleek, versatile, and timeless. Style them solo, mix sizes, or flip as a pedestal for candles, these vases do it all.

Shop in stores or online at www.westelm.in",262,262,3171,2024-10-21T07:45:00.000Z,https://www.instagram.com/p/DBYNdPJoIFC/,16-03-2026,21-10-2024,416,35,3.583518938,1,2,1,5,138,1.89038419,12300,0,0,,1,1,0,5
"Curved for comfort, styled for sophistication—cozy up in this modern, beautifully crafted statement piece.

Tap to shop the Leroy Sofa now!",51,51,3187,2025-06-27T17:22:38.000Z,https://www.instagram.com/p/DLaZcifTSyb/,16-03-2026,27-06-2025,206,36,3.610917913,1,3,0,5,25,3.674963127,10350,0,0,,0,1,1,5
"Timeless love deserves a timeless gift. Crafted from enduring stainless steel, our collection is designed to be cherished for generations.

Celebrate love with the Heritage Silver Collection this Valentine’s Day.",0,0,3191,2025-08-07T17:28:02.000Z,https://www.instagram.com/p/DND-p8lT13U/,16-03-2026,07-08-2025,184,46,3.850147602,0,4,1,5,99,2.017474622,10350,0,0,,0,0,3,5
"Set the scene for unforgettable gatherings with these cozy and welcoming candleholders. 

Tap the link in our bio to shop!",62,62,3192,2025-01-09T07:17:14.000Z,https://www.instagram.com/p/DEmJ0jFys_6/,16-03-2026,09-01-2025,347,60,4.110873864,2,1,2,5,1,5.019942,9100,1,1,,1,1,3,5
"The Living Archive opens in 4 days, for 4 days. 
Collections worth a second look, a longer pause, with many conversations waiting to happen around it. 

Come along, sit a while, at the West Elm Living Gallery at India Design ID 2026. 

Experience & Editions Hall 3, Booth 141, 160

19-22 Feb, 2026, 11am-7pm
NSIC Grounds, Okhla, New Delhi

[Furniture, Interior Design, Architect, Designer, Design Event, Product Design, Decor, Design Community, West Elm]

#Design #TheLivingGallery #ModernCollectibles  #InteriorDesign #IndiaDesignID2026",99,99,3200,2025-12-09T07:56:48.000Z,https://www.instagram.com/p/DSCP2pXE7Xo/,16-03-2026,09-12-2025,66,27,3.33220451,2,1,4,5,19,5.028659909,4750,1,0,,1,0,6,5
"It’s beginning to look a lot like layers!

Together in the kitchen, preparing the delicious treats, we were wrapped in the warmest layers of woven woollen wraps and linen washed jackets.

Our lovable little elves were another story…

Dressed in the cutest, quilted jackets, with fancy Ikat prints, in bright pinks and rich shades of navy blue, soon to be covered in flour, sugar and sweet memories.
.
.
.

#Fabindia #CelebrateIndia #CelebratingPeople #Christmas #KidsChristmas #FestiveLayering #CosyWinter

[Christmas, Christmas Celebration, kids winter layering, festive kidswear, dabu print jackets, bagru floral prints, corduroy jackets for boys, quilted jackets for girls, handcrafted kidswear]",99,99,3200,2025-09-12T12:30:00.000Z,https://www.instagram.com/p/DOgJMasAjMb/,16-03-2026,12-09-2025,160,103,4.644390899,1,1,6,5,51,2.625147272,12300,0,0,,1,1,6,5
"There’s a certain warmth that settles in when Kashmiri dhurries meet winter light.

Crewel embroidery stitched with care, woollen weaves that feel grounded and comforting, matty lining for structureand chain-stitched edges that hold every detail in place.

Soft, textured, handcrafted, the kind of warmth that doesn’t just decorate a room, it anchors it.

Bring home the season’s comfort.
Shop the Kashmiri Dhurrie Edit.

#Fabindia #CelebrateIndia #CelebratingPeople #HomeAndLiving #KashmiriDhurries #CrewelEmbroidery #WinterHome #WarmInteriors #CraftedSpaces #InteriorTextures #WinterDecor #CraftStories

[dhurries, Kashmiri Dhurries, Rugs, Winterdecor, home and living, winter decor, prints, patterns, woollen rugs, cozy corners, interiors, fabindia]",55,55,3200,2025-08-23T12:30:00.000Z,https://www.instagram.com/p/DNspVNqTRC1/,16-03-2026,23-08-2025,174,19,2.995732274,1,1,0,5,40,0,12300,0,0,,1,0,3,5
"A sculptural pedestal, a mirror with presence. Some pieces complement a room, others define it.

@thmr_dev
@stagedtosellhome
#mycb2",98,98,3200,2024-12-03T09:10:45.000Z,https://www.instagram.com/p/DDHFZr0yPOR/,16-03-2026,03-12-2024,382,24,3.218875825,0,1,1,5,61,4.936121,9100,1,1,,0,0,0,5
"She walks in, ready to dazzle the evening.
Draped in a silk saree cinched with a golden belt,
embellished keds keeping pace with the beat.

Her fingers fire up the console and the music takes over.
One by one, they start to move, groove, and glow.
It’s her buddy’s Sangeet, and she’s mixing up the rhythm.
Shimmer, sway, and sashay, the celebration’s in full swing.

Wedding Stories are back at Fabindia.
Cos yeh hai #RishtonKiBaraat 

More celebrations, more stories, more rhythm to come.

#Fabindia #CelebrateIndia #CelebratingPeople #RishtonKiBaraat #WeddingSeries #CelebrationMood

[wedding fashion, festive outfits, Indian wedding looks, celebration wear, sangeet style, silk saree trend, modern ethnic wear, handcrafted elegance, party edit, wedding season]",63,63,3201,2025-03-12T07:50:00.000Z,https://www.instagram.com/p/DHF23i4oAt0/,16-03-2026,12-03-2025,280,17,2.890371758,0,1,5,5,61,2.237832325,12300,1,0,,0,1,4,5
"𝑷𝑳𝒂𝒀 with Limitless Possibilities.

Spring is here, softly tapping at your door like golden morning sunlight, carrying the scent of fresh beginnings and a little bit of mischief.

As the cloche lifts, spring spills out in petals, pastels, and a burst of colour that feels like magic in motion.

Discover our latest fabHome picks, crafted to bring freshness, joy, and beautiful details to every corner.

Shop at your nearest store (link in bio). Order Online on Fabindia.com or on the Fabindia App.
. 
.
.
.
#Fabindia #CelebrateIndia #Celebratingpeople #PLAY #Spring 
[home decor collection, spring home essentials, tableware edit, serveware styling, decorative accents, pastel ceramics, floral home accessories, statement serveware, curated home picks, seasonal decor update, gifting essential]",0,0,3208,2025-12-01T18:00:51.000Z,https://www.instagram.com/p/DRuo2gugSu6/,16-03-2026,01-12-2025,70,19,2.995732274,1,1,2,5,78,4.234793388,4680,1,1,,1,0,0,5
"Glow begins here.

@fabessentials Kakadu Plum Glow Boost Toner blends Vitamin C and 2% Glycolic Acid to gently exfoliate, hydrate and brighten.

Enriched with antioxidant-rich fruit extracts, it preps your skin for a healthy radiant glow every day.

Gentle | Brightening | Exfoliating | Radiance-Boosting

Now available online and in stores.

Images are for representational purposes only.
Results may vary person to person. 
.
.
.
.
.
.

[ vitamin c toner, vitamin C, toner for glowing skin, daily skincare, skincare routine, hydrating toner, exfoliating toner, brightening ]

#Fabindia #FabEssentials #GlowBoostToner #KakaduPlum #VitaminCToner #SkincareRoutine #DailyGlow #GentleExfoliation #RadiantSkin #IndianSkincare #SkincareEssentials",73,73,3211,2025-03-16T08:20:00.000Z,https://www.instagram.com/p/DHLD-rQInPl/,16-03-2026,16-03-2025,277,26,3.295836866,2,1,2,5,60,0,9100,1,0,,0,1,4,5
"With sculptural facades and hidden storage, the Nightstand and Cabinet bring both dimension and function to your space.
 Shop the Berkely Collection at www.Westelm.in or in-stores now.",45,45,3223,2025-09-30T10:49:18.000Z,https://www.instagram.com/p/DPOT8xhE3pX/,16-03-2026,30-09-2025,135,15,2.772588722,0,1,13,5,0,0,12300,0,0,,0,1,8,5
"Bathed in the glow of the sun, Chhath Puja reflects the quiet rhythm of faith and the grace of tradition. Draped in soft cotton-silk blends, women gather by the river, their weaves catching the light, their rituals echoing generations of belief.

Celebrate the essence of Chhath in colours that mirror dawn and dusk, woven with timeless elegance.

Explore the Silk Blend Sari Collection, available in stores and online.

#Fabindia #CelebrateIndia #CelebratingPeople #ChhathPuja #IndianWeaves #CottonSilk #FestiveElegance #WeavesOfIndia #SustainableStyle #FabindiaWomen

[Chhath Puja, cotton silk sari, festive collection, Indian textiles, silk blend sari, ethnic wear, women’s festive wear, Fabindia collection, traditional fashion, woven heritage, sustainable fashion, festive elegance, Indian craft, cultural fashion]",0,0,3228,2026-01-21T08:20:55.000Z,https://www.instagram.com/p/DTxAwJKjkrB/,16-03-2026,21-01-2026,29,21,3.091042453,1,1,1,5,73,2.577728912,4750,1,1,,0,0,1,5
"A boucle swivel chair. A sweeping brass lamp. The kinds of pieces that don't just complete a room—they define it.

@livletstudio
@wstory81 

#mycb2",0,0,3230,2025-09-04T19:00:50.000Z,https://www.instagram.com/p/DOMNtOCgQMy/,16-03-2026,04-09-2025,166,93,4.543294782,0,0,0,5,52,4.6560755,4680,0,0,,1,0,0,5
"BLACK WEEK sale now on.

The perfect moment to reinvent your home as a sanctuary of Danish style, quality, and craftsmanship. 

Follow the link in bio to save on our entire collection.",51,51,3242,2025-10-04T17:24:27.000Z,https://www.instagram.com/p/DPZUWbODOby/,16-03-2026,04-10-2025,129,31,3.465735903,2,2,0,5,154,2.581925327,10350,0,0,,1,1,2,5
"Your home deserves a gift, too. And these chairs are the gifts that keep giving.",0,0,3245,2025-07-14T07:00:56.000Z,https://www.instagram.com/p/DMFDxVdMpIm/,16-03-2026,14-07-2025,198,45,3.828641396,0,1,6,5,42,5.236722606,4750,0,1,,1,0,8,5
"Beautiful, sturdy and safe — this dresser is crafted to last with timeless style.

Visit us in-store or shop online at www.potterybarn.in",36,36,3249,2025-02-14T07:25:00.000Z,https://www.instagram.com/p/DGC3buaISh0/,16-03-2026,14-02-2025,306,23,3.17805383,0,10,9,5,0,1.993798907,9100,1,1,,0,1,0,5
"Style your table setting with the handcrafted Marion Napkin Ring Sets! 

Shop now and add a touch of modern elegance.",0,0,3297,2025-10-18T07:32:51.000Z,https://www.instagram.com/p/DP8TqvJDFHR/,16-03-2026,18-10-2025,114,8,2.197224577,1,3,3,5,206,3.145492486,4750,0,0,,1,0,0,5
"Contrast is the attitude.

When rich materiality collides with modern silhouettes, you get something timeless. The making of an instant classic.

Shop the new collection from @kravitz_design by @lennykravtiz. Only at CB2.",100,100,3298,2025-03-23T07:55:00.000Z,https://www.instagram.com/p/DHiMOjuoOF9/,16-03-2026,23-03-2025,275,21,3.091042453,5,2,6,5,54,4.848508358,9100,0,1,,1,0,0,5
"""Evergreen"" isn't synonymous with timeless for nothing.",67,67,3298,2025-01-23T07:44:52.000Z,https://www.instagram.com/p/DFKQHL4SPqE/,16-03-2026,23-01-2025,334,25,3.258096538,4,1,1,5,41,4.880454622,9100,0,1,,1,0,0,5
"Where comfort meets sophistication. 

Drift away in style with the Layton Leather Bed available in-stores or on our website.",0,0,3303,2026-02-11T11:57:39.000Z,https://www.instagram.com/p/DUneNA8kzsW/,16-03-2026,11-02-2026,20,17,2.890371758,1,2,0,5,1,2.6779227,12300,0,0,,1,0,1,5
"Dinner plans optional.

Leather and stainless steel. Sculptural, warm woods. A little bit of green. It's the type of room that invites you in—even when nothing's on the menu.

Tap to shop the new collection.",0,0,3573,2024-11-30T07:55:00.000Z,https://www.instagram.com/p/DC_OYHaIwTl/,16-03-2026,30-11-2024,384,17,2.890371758,2,1,4,5,1,2.144723188,9100,0,1,,1,1,1,5
"A Celebration of Chanderi & Fabindia

What started as a journey over 2 decades ago has reached a platform that celebrates the 4 pillars of Chanderi’s continued growth - Weavers, Administration, Banking & Finance and the Markets.

It was a privilege for Fabindia to be a key part of the ‘Chanderi Eco Retreat and Fest’, that commenced on November 28th and beautifully commemorated the rich craft and cultural heritage of Chanderi. The event also served as a celebration of the town’s famed weaves, set against the backdrop of its magnificent historical landmarks like the colossal Kati Ghati rock-cut gateway, the regal Kila Kothi and its numerous ancient Mahals.

The full day of celebrations honouring Chanderi’s unique heritage began with a heartfelt exchange: Mr. Bissell had an elaborate discussion with the master weavers associated with Fabindia, where they reminisced about the collaboration and shared ideas to put Chanderi on the global map.

Following this artisan meet, the official event commenced with an Inaugural Address by the Chief Minister of Madhya Pradesh, Dr. Mohan Yadav via a video message. The Union Minister of Communication and Development of North Eastern Region, Shri Jyotiraditya Scindia, graced the occasion as the Chief Guest and was joined on the dais by Mr. Bissell.

The formal session was followed by a crucial round table discussion with key stakeholders.

The night concluded with the grand finale of the day: a spectacular fashion show titled, “Threads of Time: The Chanderi Saga,” dedicated to Chanderi’s traditional weaving and its unique heritage. It was made more magical with Live Sufi Music that matched the vibrance of the garments. 

Fabindia had the honor of opening the show and presenting a specially curated collection inspired by the exquisite textures, motifs, and weaving traditions of Chanderi expressed across Indian, Fusion and Western Wear.

#Fabindia #CelebrateIndia #CelebratingPeople #ChanderiEcoRetreat #Chanderi #CraftedInIndia #CraftsofIndia #Handicrafts #IncredibleIndia #IndianCraftHeritage #ArtisanCommunities",0,0,3577,2025-09-27T12:30:00.000Z,https://www.instagram.com/p/DPGxHGbiC-0/,16-03-2026,27-09-2025,139,26,3.295836866,0,1,4,5,1,4.568958935,9100,0,0,,0,1,1,5
"At Pottery Barn, each creation stands on its own.
Valued for form, material, and craftsmanship.
Designed to be seen slowly.

Join us as the doors open.

Booth 140-161

19-22 Feb, 2026, 11am-7pm
NSIC Grounds, Okhla, New Delhi

[Furniture, Interior Design, Architect, Designer, Design Event, Product Design, Decor, Design Community, Pottery Barn]

#Design #InteriorDesign #TheFamiliarArchive #IndiaDesignID2026",0,0,3579,2025-12-14T08:15:52.000Z,https://www.instagram.com/p/DSPJ98mjouk/,16-03-2026,14-12-2025,59,11,2.48490665,0,1,9,5,57,5.316607,4750,1,1,,0,0,5,5
"In Denmark, the dining table is the heart of the home and a space made for gathering.

Embrace the Danish ritual of coming together at the table with the 
Santiago dining table, its sculptural silhouette and ceramic top create a beautiful focal point that draws people in.

Tap the link in bio to shop Santiago.

#QuietLuxuryHome #DesignForLiving #FunctionalLuxury",0,0,3588,2025-06-27T05:30:50.000Z,https://www.instagram.com/p/DLZH_KPJ83V/,16-03-2026,27-06-2025,207,29,3.401197382,1,2,0,5,63,4.05693036,10350,1,0,,0,0,1,5
"Whether styled as a centerpiece or layered on a shelf, the Organic Form Vases bring balance and subtle dimension to any space.

Visit now or shop online at www.westelm.in",0,0,3698,2025-04-25T09:05:00.000Z,https://www.instagram.com/p/DI3Sg0_yQQ6/,16-03-2026,25-04-2025,239,17,2.890371758,0,1,4,5,5,4.68133069,12300,0,1,,0,1,3,5
Christmastime at @themakerhotel. Swoon.,90,90,7862,2025-12-25T11:35:00.000Z,https://www.instagram.com/p/DSr1pg9E0xU/,16-03-2026,25-12-2025,48,55,4.025351691,0,1,5,5,68,4.403517342,12300,0,0,,1,1,5,5
"Wedding Stories ’25
THE RECEPTION

There’s a chill in the air as the walkway sparkles. 
Deep tones of reds, green and wine glam up the evening as fine Indian silks and handwoven wool take centre stage in eloquent layers that define timeless style.

Handwoven wool takes centre stage, adding a crafted richness that defines every winter wedding look.

Woven kurtas, warm stoles and rich seasonal tones shaped for celebrations.

Shop at Fabindia for every layer this wedding season, from kurtas to stoles, from jackets to shawls, we’ve got it all.
.
.
.
.
. 
#Fabindia #CelebrateIndia #CelebratingPeople #WeddingStories #WeddingSeason #ReceptionLook #WinterWedding #winterlooks 

[winterwedding, receptionlook, weddingstyle, indianweddingfashion, winterlayering, ethnicwear, festivefashion, weddingoutfits, receptionstyle, bridesmaidslook, groomstyle, shawlstyle, woolstoles, kurtaoutfit, weddingseason]",0,0,11847,2025-10-26T18:00:46.000Z,https://www.instagram.com/p/DQR0RGQlRX2/,16-03-2026,26-10-2025,102,26,3.295836866,2,1,0,5,33,4.983629531,4680,1,0,,0,1,1,5
"A night to remember! 

The launch of West Elm Hyderabad was a celebration of timeless design, creativity, and community. Thank you to everyone who joined us in making this event truly special!",68,68,3255,2025-01-19T07:55:00.000Z,https://www.instagram.com/p/DE_-HCONt8Z/,16-03-2026,19-01-2025,336,14,2.708050201,2,1,5,6,1,4.995597,9100,1,0,,0,1,4,5
"As one of the hardest-working signs in the zodiac, you know the true meaning of home as sanctuary. And you deserve nothing less, Capricorn. ♑️

@bennrobinteriors
@collective.studio_
@stagedtosellhome

#mycb2",62,62,3259,2025-05-23T08:05:00.000Z,https://www.instagram.com/p/DJ_R0P5ybei/,16-03-2026,23-05-2025,225,16,2.833213344,1,1,9,6,1,4.8881935,12300,0,1,,1,1,3,5
"#IDExhibitor2026

Pottery Barn @potterybarn_india is a globally recognised home and lifestyle brand dedicated to creating beautifully functional spaces rooted in comfort and quality. At India Design ID 2026, Pottery Barn will present a thoughtfully curated range of home furnishings that reflect its signature approach to relaxed, well-crafted, and enduring interiors.

Discover design ideas made for living well, every day, at #ID2026.February 19–22, 2026 | NSIC Grounds, Okhla, New Delhi.

#IndiaDesignID2026 #IDExhibit #IDExhibitAlert #Editions",79,79,3261,2026-02-16T18:00:38.000Z,https://www.instagram.com/p/DU09sS2kupC/,16-03-2026,16-02-2026,15,61,4.127134385,0,0,3,6,139,5.009571494,4680,0,1,,0,0,0,5
"A bedding that celebrates the colorful tradition of patchwork quilts.

Shop the Elise Love Quilt Shams now!",0,0,3274,2025-07-04T15:19:28.000Z,https://www.instagram.com/p/DLsM6gnp8Kz/,16-03-2026,04-07-2025,203,41,3.737669618,1,0,4,6,88,4.335186496,10350,1,1,,0,0,0,5
"Designed for lounging, styled for modern living. 

Explore the Stuart Sling Chair on www.westelm.in or in-stores now.",0,0,3295,2026-02-15T14:00:29.000Z,https://www.instagram.com/p/DUx_h4RiQhX/,16-03-2026,15-02-2026,16,25,3.258096538,1,1,2,6,120,4.302021529,10350,0,0,,0,1,0,5
"Quietly classic, endlessly versatile—the Farmhouse Mini Nightstand anchors spaces with ease.

Visit in stores or shop now at www.potterybarn.in",0,0,3300,2024-09-06T12:30:00.000Z,https://www.instagram.com/p/C_k2P-xp-cO/,16-03-2026,06-09-2024,438,18,2.944438979,1,1,0,6,37,4.136560299,12300,1,0,,0,0,4,6
"Handcrafted from aluminium, each Expose side table is hand cast, polished, and finished in Moradabad, India – a city famed for its metalworking heritage. Blending minimalist design with artisanal tradition, it’s a lasting expression of clarity and care.

Shop the Expose side table via the link in our bio.",46,46,3318,2025-11-11T08:01:18.000Z,https://www.instagram.com/p/DQ6KETZDggb/,16-03-2026,11-11-2025,84,70,4.262679877,0,1,3,6,27,1.90746629,4750,1,0,,1,0,9,6
"An inviting neutral palette. Experience refined style and sheltering comfort. 

Available now on www.potterybarn.in or in-stores.",94,94,3319,2026-01-18T18:00:07.000Z,https://www.instagram.com/p/DTqPIcDGEiK/,16-03-2026,18-01-2026,30,91,4.521788577,0,1,8,6,93,4.273067456,4680,1,0,,1,0,2,6
"Hartalika Teej, a timeless thread in Svarnim: The Golden Journey.

As stories of togetherness and devotion find voice, Hartalika Teej becomes more than a festival, it is a reflection of heritage, bonds, and the joy of shared traditions.

The celebration flows through woven silks and maheshwaris, crafted suits, saris, and kurtas that carry artistry in every detail. Temple jewellery adds a luminous grace, echoing timeless elegance.

At home, festive gatherings come alive with table décor that carries the warmth of craft.

Step into Fabindia to find festive wear, jewellery, home décor, and gifts that embody the spirit of Hartalika Teej.

#Fabindia #CelebrateIndia #CelebratingPeople #HartalikaTeej #TeejCelebration #FestiveTraditions #CelebrateTogetherness #CraftedElegance #HandcraftedFestivities #Svarnim

[Festive Charm, Teej, Hartalika Teej, Loom to Life, Craft Legacy, Graceful Silhouettes, Silk Saree, Maheshwari Saree, Thoughtful Gifting, Table Elegance, Festive Must Haves, Slow Fashion, Made in India]",53,53,3319,2025-10-25T14:54:42.000Z,https://www.instagram.com/p/DQPH6GmCYjf/,16-03-2026,25-10-2025,104,101,4.624972813,0,2,0,6,93,2.131479236,10350,0,1,,0,1,0,6
"Woven textures and delicate embroidery bring an artisanal touch to your space.
 Shop now at www.potterybarn.in or in-stores now!",63,63,3321,2025-09-27T09:47:21.000Z,https://www.instagram.com/p/DPGebqmjrBV/,16-03-2026,27-09-2025,139,35,3.583518938,0,0,0,6,33,0,4750,0,0,,0,0,0,6
"Introducing the evolution from raw concept to refined creation.

Our behind-the-scenes narrative at @designdemocracy.in highlighted the craftsmanship, materials, and design sketches that bring each West Elm piece to life.

Design and conceptualisation: @studio_lcd",0,0,3326,2025-11-17T08:03:35.000Z,https://www.instagram.com/p/DRJnGVxDilt/,16-03-2026,17-11-2025,79,35,3.583518938,0,1,2,6,34,5.043097,4750,0,1,,0,0,2,6
"Pieces that defy trend.

@stagedtosellhome
@hoss_home
#mycb2",78,78,3328,2026-02-20T08:37:22.000Z,https://www.instagram.com/p/DU-ShlpE4Jl/,16-03-2026,20-02-2026,12,16,2.833213344,0,1,2,6,1,4.962133,4750,1,1,,0,0,2,6
"In the midst of a busy fair, the West Elm exhibit became a place to pause - to notice texture, colour, proportion, and the quiet dialogue between form and space.

To everyone who slowed down long enough to see it unfold - thank you.

Discover the collection at your nearest West Elm store.

[Furniture, Interior Design, Architect, Designer, Design Event, Product Design, Decor, Design Community, West Elm]

#Design #TheLivingGallery #ModernCollectibles #InteriorDesign #IndiaDesignID2026",94,94,3329,2025-08-26T11:18:34.000Z,https://www.instagram.com/p/DN0PekXZvbY/,16-03-2026,26-08-2025,172,20,3.044522438,0,3,0,6,1,3.698312835,9100,0,0,,0,0,0,6
"A timeless treasure. Our Hammered Metal Vases add a touch of elegance and history to any gifting piece. 

Shop now!",38,38,3333,2025-08-30T11:08:56.000Z,https://www.instagram.com/p/DN-hgyDjWeV/,16-03-2026,30-08-2025,170,54,4.007333185,1,1,6,6,27,5.051902317,4750,1,0,,1,1,3,6
"This festive season, illuminate your home with the ambient glow of the Palm Woven Rattan candles. 

Shop the collection now.",100,100,3337,2026-01-24T05:30:00.000Z,https://www.instagram.com/p/DT5uDmpiAYb/,16-03-2026,24-01-2026,27,20,3.044522438,0,1,0,6,1,0,12300,1,0,,0,1,2,6
"Crafted from 100% cotton, the Lattice Table Runner adds a refined layer of texture to
your tablescape.

Dress your table with timeless style — shop now!",49,49,3341,2026-01-13T07:01:07.000Z,https://www.instagram.com/p/DTcRTYxDJb-/,16-03-2026,13-01-2026,36,32,3.496507561,0,4,2,6,159,4.360919802,10350,1,1,,0,1,5,6
"From the meticulous detail of the vintage-inspired Fiora Rug to the oxblood pleated shade of the Carmichael Lamp, nobody does lived-in elegance quite like @karamanndesign.",71,71,3374,2024-10-30T07:45:00.000Z,https://www.instagram.com/p/DBvYoMwobNf/,16-03-2026,30-10-2024,412,25,3.258096538,0,1,5,6,1,2.133079155,12300,1,0,,1,0,6,6
"Reflections, redefined. The Elodie Mirror brings fluid lines and modern elegance to your walls. 
Explore in-store or online at www.westelm.in",93,93,3376,2025-05-31T07:40:00.000Z,https://www.instagram.com/p/DKT1XR5yYGF/,16-03-2026,31-05-2025,219,27,3.33220451,1,1,6,6,1,0,12300,1,0,,1,1,7,6
"A warm and soothing color palette with the gleam of Christmas. Shop elegant sofas, cushions, centre tables and more to make your home celebration ready. 
Visit in-store or shop online at www.westelm.in.",41,41,3383,2026-02-05T19:01:01.000Z,https://www.instagram.com/p/DUYqfxPFDqe/,16-03-2026,05-02-2026,24,19,2.995732274,1,1,4,6,129,2.2598953,4680,0,1,,1,1,1,6
"The scene is set for Valentine’s Day.
 
Comfortable seating, a table dressed with care, soft textures and gentle colour create a calm, intimate atmosphere at home. Moments to be shared, savoured and enjoyed in your own way.
 
Wishing you a Happy Valentine’s Day.
 
#QuietLuxuryHome #DesignerLivingRoom #DesignForLiving #ContemporaryInteriorDesign",92,92,3386,2025-10-09T12:30:00.000Z,https://www.instagram.com/p/DPlqoa7k1ql/,16-03-2026,09-10-2025,122,49,3.912023005,0,1,4,6,89,5.004220273,12300,0,1,,0,1,4,6
Every good gathering starts with just the right amount of glow.,0,0,3387,2025-07-03T14:12:33.000Z,https://www.instagram.com/p/DLpgdhEp03-/,16-03-2026,03-07-2025,204,86,4.465908119,1,3,5,6,148,4.221013246,10350,0,0,,0,1,0,6
"Hand-finished to resemble timeworn antiques, these vintage-inspired vases add instant character.

Shop from Pottery Barn, now available at The White Crow store.

#TWC #RBL #PotteryBarn #NewLaunch",88,88,3387,2025-06-05T07:40:00.000Z,https://www.instagram.com/p/DKgtUz_yNXm/,16-03-2026,05-06-2025,218,17,2.890371758,1,1,4,6,1,5.18289587,12300,0,0,,0,1,4,6
"Our LIVE STYLE FOR LESS edit offers an effortless way to elevate everyday living.

With soft curves and deep cushioning, the Modena collection brings quiet comfort to the home, while the Eden footstool introduces texture, colour and flexible seating with ease.

Discover Danish design at minimalist prices via the link in our bio.",0,5,1107,2026-03-13T08:29:22.000Z,https://www.instagram.com/p/DV0WQNQCuvu/,16-03-2026,13-03-2026,2,39,3.688879454,1,1,5,7,36,3.009189107,4750,1,1,,1,0,10,7
"Pillow talk.

Soft textures, plush tones and a bed that practically begs you to cancel your plans. Our new fall collection has it all. It's the bedroom upgrade you deserve.

Pillows ship free.",0,9,1450,2026-02-28T08:07:04.000Z,https://www.instagram.com/p/DVS1XawClm1/,16-03-2026,28-02-2026,5,52,3.970291914,0,4,5,7,35,5.288136594,4750,1,1,,1,0,0,7
"Chairs that look even better when the light hits just right. Lisette stools by @brettdesigninc. Golden hour by @quadra.

#mycb2",72,7,3219,2026-02-26T19:01:05.000Z,https://www.instagram.com/p/DVOo74PgVeI/,16-03-2026,26-02-2026,7,54,4.007333185,1,7,3,7,146,4.740933651,4680,0,1,,0,0,2,7
"Tiranga India ka, Kurta Fabindia ka.

From us, to you, celebrate the spirit of freedom with a premium flag lapel pin, free with every white cotton kurta set for men. 

Walk with pride with our Tiranga lapel pin on, take a picture, tag #FabindiaOfficial to get featured!

Starting at ₹1499*.

T&C Apply*
.
.
.
.
.
.
#Fabindia #CelebrateIndia #Celebratingpeople #independenceDay #TirangaIndiakaKurtaFabindiaKa #TirangaIndiaKa #kurtaset #menskurta

[ whitekurta, mensethnicwear, independenceoutfit, tirangastyle, fabindiaofficial, craftedinindia, celebrateindia ]",0,0,3397,2026-01-27T08:01:35.000Z,https://www.instagram.com/p/DUAbTytDuf8/,16-03-2026,27-01-2026,26,10,2.397895273,0,1,3,7,29,3.701755874,4750,0,1,,0,1,1,7
"Crystal curves and classic charm, this chandelier makes every room feel luminous and layered. 

Visit us in-store or shop online at www.potterybarn.in",55,55,3404,2025-11-01T13:39:31.000Z,https://www.instagram.com/p/DQhA0vqjrFK/,16-03-2026,01-11-2025,91,63,4.158883083,0,1,10,7,45,4.372026352,4750,0,1,,0,0,7,7
"Richly imagined, our stores unfold in Svarnim, where every corner reflects handcrafted beauty, golden accents and the warmth of traditions reinterpreted for today. 

From home décor that enriches spaces to festive gifting that carries timeless meaning, each detail celebrates craft, culture and togetherness. 

Visit your nearest Fabindia store to experience Svarnim in its truest form.

#Fabindia #CelebrateIndia #CelebratingPeople #Svarnim #FestiveDecor #HandcraftedHomes #GoldenCelebrations

[home décor, festive gifting, handcrafted traditions, timeless celebrations, festive homes, Indian crafts, festive season styling, cultural heritage, artisanal living]",55,55,3410,2025-09-06T13:51:11.000Z,https://www.instagram.com/p/DOQ1pL_jUSZ/,16-03-2026,06-09-2025,164,63,4.158883083,0,1,2,7,20,5.163827,4750,0,1,,1,1,2,7
"The Magic of Christmas.

A soft sea breeze, muted December sun, and the familiar comfort of plum cake, Christmas feels slower by the shore.

This season’s collection reflects that ease. 
Hand-embroidered tunics, fluid Mulberry silk saris, and refined viscose silk kurtas come together in light silhouettes and thoughtful details, made for warm gatherings, long lunches, and celebrations that unfold at their own pace.

Discover the collection. 
.
.
.
.
#Fabindia #CelebrateIndia #CelebratingPeople #Christmas #coastalchristmas 

[Christmas celebrations, festive outfits, holiday dressing,Indian festive wear, what to wear for Christmas, Christmas party looks, light festive outfits, silk festive wear, ethnic wear for celebrations, December festivities]",0,0,3416,2025-10-21T18:01:11.000Z,https://www.instagram.com/p/DQE8Y__kdN1/,16-03-2026,21-10-2025,108,9,2.302585093,0,1,0,7,57,4.51639831,4680,1,0,,0,0,0,7
"Find effortless ways to refresh every space for Spring. 

Shop the full collection online or in-stores now.",0,0,3418,2025-08-22T07:01:16.000Z,https://www.instagram.com/p/DNpezz7u4D6/,16-03-2026,22-08-2025,176,20,3.044522438,0,1,1,7,29,2.586380958,4750,1,0,,0,0,2,7
"Bring home the rugged charm of the Benchwright storage pieces – perfect for functionality and display. 

Available on www.potterybarn.in and in-stores.",0,0,3423,2025-10-15T12:30:00.000Z,https://www.instagram.com/p/DP1Heuqgf8R/,16-03-2026,15-10-2025,117,31,3.465735903,1,1,1,7,1,2.970558532,9100,1,1,,0,1,2,7
"Designed to feel found.

01. Brutalist-inspired console table in dark bronze cast aluminum—@berlinstudio_

02. Bowl handmade in Portugal with richly colored reactive glazes—@itsmeminteriors

#mycb2",0,0,3427,2025-06-19T13:35:09.000Z,https://www.instagram.com/p/DLFZDW5pK8a/,16-03-2026,19-06-2025,213,46,3.850147602,1,0,0,7,124,0,10350,0,1,,0,1,0,7
"A marble table can make all the difference. Doubly so if it's Rosso Levanto red or Spider green marble.

@elizabethgrace.rwp
@studio.melrose.staging

#mycb2",96,96,3438,2025-05-15T06:30:00.000Z,https://www.instagram.com/p/DJqgqEcpHgz/,16-03-2026,15-05-2025,230,20,3.044522438,1,1,3,7,28,4.206015123,12300,0,0,,0,0,0,7
"Handcrafted for remarkable realism, our oversized Faux Snowball Branch adds drama and dimension to any arrangement—no watering needed, ever. 
Shop in stores or online at www.potterybarn.in",0,0,3442,2025-10-26T08:30:56.000Z,https://www.instagram.com/p/DQRAvX9DlhU/,16-03-2026,26-10-2025,100,33,3.526360525,1,1,8,7,20,4.617993485,4750,0,0,,1,1,2,7
"With apologies to ""Cloud Dancer,"" we still like our shades saturated. This year and always.",83,83,3444,2025-08-25T12:30:00.000Z,https://www.instagram.com/p/DNxy8rYUNWe/,16-03-2026,25-08-2025,173,22,3.135494216,1,1,7,7,1,2.250534533,9100,0,1,,0,1,1,7
"Decor that dazzles. 

Shop the Mid-Century Brass Animal Stocking Holders now.",48,48,3446,2026-01-15T19:05:51.000Z,https://www.instagram.com/p/DTitdGPEuYh/,16-03-2026,15-01-2026,34,67,4.219507705,1,1,8,7,107,0,4680,0,1,,0,1,3,7
"Minimal yet bold – the Newport Console Table pairs modern lines with a rustic finish for effortless style and storage.

Shop now.",42,42,3446,2024-10-19T12:32:12.000Z,https://www.instagram.com/p/DBTkrtpI-OW/,16-03-2026,19-10-2024,416,14,2.708050201,0,1,3,7,25,5.038812,9100,1,1,,1,0,0,7
"Fashion and home décor run parallel to each other, cross pollinating inspiration and trends. Often, the way we dress ourselves or, in celebrity stylist @mollyddickson's case, others, shows up in the way we decorate our homes. 

Many of us have witnessed Dickson’s fashion prowess in one way or another—whether on Lana Del Rey, Kaia Gerber, or on other superstars she’s dressed. Recently, in collaboration with @cb2, Dickson brought her natural sensibility to her new home in Los Angeles.

At the link in our bio, Molly Dickson shares her must-haves with @_sean.kim_. 

Photos by @cibellelevi",40,40,3448,2025-02-12T07:45:00.000Z,https://www.instagram.com/p/DF9wDG-IjPr/,16-03-2026,12-02-2025,314,25,3.258096538,1,1,13,7,21,4.255490928,12300,1,0,,1,1,5,7
"If anyone knows the importance of having a beautiful, welcoming, soft space to land, it's the final sign of the zodiac. (They just have a lot of feelings.)

@jasonsaft
@emcyinteriordesign
@oliviabrookedesign
@ellascottdesign",0,0,3449,2025-12-07T20:00:48.000Z,https://www.instagram.com/p/DR-YiSnk4op/,16-03-2026,07-12-2025,66,7,2.079441542,0,1,5,7,84,5.111963996,4680,0,0,,0,0,8,7
"Shearling, marble and onyx. A study in quiet indulgence.",0,0,3449,2024-11-18T07:50:00.000Z,https://www.instagram.com/p/DCgUU6hS3hX/,16-03-2026,18-11-2024,394,20,3.044522438,0,1,2,7,1,3.491519057,9100,1,1,,0,0,2,7
"Hey Delhi! 

Fabcafe has reopened!  And we are serving your faves, made to order, at Fabindia’s Experience Centre, Vasant Kunj with a fresh new vibe!

From wholesome salads and flavour-packed curries to sizzling chaats and aromatic biryanis — everything is crafted from scratch in our live kitchen, using responsibly sourced, fresh ingredients.

Come in, unwind, and savour healthy, delicious food made with love.

Open daily from 10 AM to 10 PM.
3rd Floor, Fabindia Experience Centre, Vasant Kunj

Your table’s waiting. And so are we.
Team Fabcafe

#Fabcafe #MadeAlt #FabcafeVasantKunj #DelhiEats #livekitchen #nowopen #comedinewithus",0,0,3450,2026-02-21T19:30:19.000Z,https://www.instagram.com/p/DVCAMKGAdP9/,16-03-2026,21-02-2026,12,28,3.36729583,1,3,8,7,84,3.880234198,4680,0,1,,0,0,5,7
"Where Danish modern design mingles with laidback California curves. Talk about a design trip.

Vintage reissue from Danish design legend Steen Østergaard. Brazilian modernist table by @goncalo_campos. Curved sofa from LA-based designer @mrrosscassidy. It's our most well-traveled collection yet.",0,0,3457,2025-06-03T14:45:24.000Z,https://www.instagram.com/p/DKcUX92SbY4/,16-03-2026,03-06-2025,218,18,2.944438979,0,1,7,7,1,5.281806364,12300,0,1,,0,0,0,7
"Elevate your dining experience with Benchwright Extending Dining Table, featuring stability and style. 

Final hours of sale. Shop online or in-store today and save!",0,0,3460,2025-12-16T08:05:10.000Z,https://www.instagram.com/p/DSUSU9fDvbA/,16-03-2026,16-12-2025,58,9,2.302585093,1,3,7,7,79,4.109739603,4750,1,1,,0,1,5,7
"We love seeing how you style your BoConcept pieces in real spaces. 

This beautifully considered dining room in @anticoeamore's Baden Baden home, features the Santiago table and Tone mirror, styled with warmth, character and a personal touch. Share your space and tag us for the chance to be featured.

Enjoy more dining room inspiration when you sign up to our newsletter via the link our bio.

#DesignerLivingRoom #DesignForLiving #ContemporaryInteriorDesign #QuietLuxuryHome",296,296,3465,2025-06-24T14:16:51.000Z,https://www.instagram.com/p/DLSVzMeJjzv/,16-03-2026,24-06-2025,209,121,4.804021045,1,0,0,7,133,2.9751722,10350,1,1,,1,0,0,7
"Deep-seated comfort meets personalized style. The Westwood Sofa is designed for relaxed living with tailored upholstery and customizable features to fit your home. 
Shop in-stores or online at www.potterybarn.in",0,0,3469,2025-11-11T18:01:15.000Z,https://www.instagram.com/p/DQ7A9uvDD_I/,16-03-2026,11-11-2025,85,4,1.609437912,1,1,8,7,88,2.946013894,4680,1,1,,1,0,8,7
"Crafted of steel and glass with a nickel, brass, or bronze finish, this Contract Grade piece combines timeless design with lasting strength.

Visit us in-store or shop online at www.potterybarn.in",83,83,3469,2025-01-04T07:45:00.000Z,https://www.instagram.com/p/DEZVB0woux5/,16-03-2026,04-01-2025,349,30,3.433987204,0,1,9,7,74,3.53973871,9100,1,0,,1,0,4,7
"This Karwachauth, celebrate togetherness in hues that mirror your bond. Discover Benarasi silk sarees, silk kurtas for men, hand-embroidered kurta sets, intricate jewellery, and thoughtful Sargi gifts, each crafted to make your festive moments memorable.

Now in stores.
Shop the collection and embrace the beauty of tradition, craftsmanship, and connection.

#Fabindia #celebrateIndia #celebratingpeople  #Karwachauth #Sargi  #SilkKurtas #FestiveWear #FabindiaStyle #CelebrateTogetherness #FestiveEdit #EthnicElegance #HandcraftedTradition

[Fabindia Karwachauth collection, Sargi gifting ideas, Benarasi silk sarees, silk kurta for men, hand-embroidered kurta sets, intricate jewellery, festive fashion 2025, Karwachauth outfit ideas, ethnic wear for couples, handcrafted elegance, traditional celebrations, festive shopping Fabindia]",52,52,3471,2025-11-28T18:02:10.000Z,https://www.instagram.com/p/DRmynFaFipd/,16-03-2026,28-11-2025,74,34,3.555348061,1,6,9,7,100,4.247238973,4680,1,0,,0,0,3,7
"A casual, low-profile sectional with sink-right-in cushions and a terminal chaise for ultimate relaxation. 

Shop now on www.westelm.in.",343,343,3475,2026-01-06T18:01:13.000Z,https://www.instagram.com/p/DTLNvW0imXJ/,16-03-2026,06-01-2026,40,42,3.761200116,1,1,4,7,80,2.942424347,4680,0,1,,0,1,6,7
"A slower Christmas unfolds through soft light, warm wood, and thoughtfully quiet spaces. Calm, grounded, and timeless — a return to simplicity and quiet joy.
 
Shop in-store or online at www.westelm.in",51,51,3480,2025-09-26T12:30:00.000Z,https://www.instagram.com/p/DPEMVwhk0Yj/,16-03-2026,26-09-2025,141,25,3.258096538,0,2,4,7,1,4.809193274,12300,0,0,,0,1,1,7
"At Fabindia, our people are the heart of everything we do.
This Retail Employee’s Day, we celebrated the faces behind our stores, the ones who bring our crafts, stories and values to life every single day.

Dressed in red to mark the occasion, we came together to honour the dedication, resilience and unwavering commitment of our retail teams. Your passion, warmth and hard work created meaningful experiences for every customer who walked in.

A big thank you to our everyday heroes, we appreciate you, today and always.
Happy Retail Employee’s Day.
.
.
.
.
.
#Fabindia #CelebrateIndia #CelebratingPeople #RetailDay",0,0,3484,2026-01-24T18:00:31.000Z,https://www.instagram.com/p/DT5jxklAdVG/,16-03-2026,24-01-2026,28,27,3.33220451,0,4,5,7,26,3.557679853,4680,0,1,,1,0,0,7
"Organic beauty - Clay and glaze, designed for everyday style.

Visit us in-store or shop online at www.potterybarn.in",91,91,3486,2025-04-19T07:50:00.000Z,https://www.instagram.com/p/DIqR3yBSC9e/,16-03-2026,19-04-2025,243,26,3.295836866,1,1,3,7,1,0,9100,0,0,,1,1,8,7
"Refresh your space for spring with the Bingley Table Lamp. 

Shop now in-stores or online on
www.westelm.in and illuminate your evenings.",0,0,3487,2025-09-11T11:21:12.000Z,https://www.instagram.com/p/DOdcf4Pgazm/,16-03-2026,11-09-2025,161,21,3.091042453,1,2,3,7,30,2.677302864,9100,0,0,,0,1,0,7
"The foundation of good design.

Looking for the perfect rug? Book a free Interior Design Services appointment and we can help you choose.",87,87,3489,2026-01-13T18:00:26.000Z,https://www.instagram.com/p/DTdPMOLErgp/,16-03-2026,13-01-2026,35,21,3.091042453,1,3,7,7,55,2.694060803,4680,0,1,,0,0,3,7
"Add instant festive cheer to trees. Timeless, tonal design for a touch of seasonal delight. 

Tap to shop now.",0,0,3491,2025-10-06T18:00:45.000Z,https://www.instagram.com/p/DPeUab8jLwG/,16-03-2026,06-10-2025,125,60,4.110873864,1,1,6,7,71,5.200868467,4680,0,0,,1,1,9,7
"Artisanal charm for every corner. From hand-painted vases to timeless bowls, our decor collection adds character to any space.

Shop now on www.potterybarn.in or in-stores now.",0,0,3491,2025-08-19T20:01:09.000Z,https://www.instagram.com/p/DNjGTE8hCB7/,16-03-2026,19-08-2025,178,32,3.496507561,0,1,5,7,103,0,4680,1,1,,1,1,6,7
"Crisp tailoring and inviting comfort, Perfect for long dinners. 

Available now In-Stores or Shop Online at www.westelm.in",0,0,3494,2026-02-05T11:54:19.000Z,https://www.instagram.com/p/DUYA_vIk4um/,16-03-2026,05-02-2026,23,31,3.465735903,0,1,2,7,1,2.00338542,12300,0,1,,0,0,3,7
"Where rustic texture meets glossy elegance—style the French Glaze Ceramic Collection your way.

Shop now.",53,53,3496,2025-12-25T18:00:19.000Z,https://www.instagram.com/p/DSsT-YWFiFn/,16-03-2026,25-12-2025,48,94,4.553876892,0,1,7,7,40,2.303827471,4680,1,1,,0,1,0,7
From white plates to Nutcrackers. It's time to turn your home into a holiday happening.,0,0,3496,2025-05-31T14:56:32.000Z,https://www.instagram.com/p/DKUnQ2cpKze/,16-03-2026,31-05-2025,220,8,2.197224577,1,0,4,7,80,4.868090233,10350,0,0,,1,0,0,7
"Today we celebrate triumph over daunting challenges.
A day where the victory of Dussehra and the devotion of Dashami come together as one.

Each story carries its own meaning, yet together they remind us of a single truth that through courage, resilience, and unity, we overcome and rise stronger.

This day is not only about remembrance, but about renewal about carrying forward the light of truth and strength into every tomorrow.

Wishing you a day filled with hope, renewal, and the enduring power of overcoming.
.
.
.
.
#Fabindia, #CelebrateIndia, #CelebratingPeople, #Dussehra, #Dashami, #IndiaCelebrates, #FestiveSpirit, #LightAndLegacy

[Dussehra, Dashami, celebration, Dasara, Pujo, overcoming, courage, resilience, strength, renewal, devotion, truth, legacy]",0,0,3497,2026-02-03T08:15:02.000Z,https://www.instagram.com/p/DUSeaWIDtHw/,16-03-2026,03-02-2026,24,30,3.433987204,0,5,4,7,137,4.365924333,4750,1,1,,1,0,7,7
"Everlasting style—and crafted stems that look and feel timeless.

Visit us in-store or shop online at www.potterybarn.in",68,68,3497,2025-06-05T05:56:44.000Z,https://www.instagram.com/p/DKghdqfpp8y/,16-03-2026,05-06-2025,216,45,3.828641396,0,2,2,7,89,2.194331053,10350,0,1,,1,0,2,7
"Add heritage to your walls with this vintage inspired accent. It’s not just Decor, it’s Storytelling. 

Visit us in-store or shop online at www.potterybarn.in",77,77,3498,2025-12-21T08:02:25.000Z,https://www.instagram.com/p/DShJ_hDjknr/,16-03-2026,21-12-2025,54,28,3.36729583,1,1,5,7,30,4.113269065,4750,1,1,,1,1,8,7
"Solid wood with a rich, natural grain and a sculptural open frame. A warm minimal accent that works in any space. 

Available now In-Stores or Shop Online at www.westelm.in",29,29,3498,2025-10-25T12:30:00.000Z,https://www.instagram.com/p/DQO3ZrVgXNC/,16-03-2026,25-10-2025,105,18,2.944438979,1,0,7,7,1,0,9100,0,0,,1,1,0,7
"A home feels complete when beauty meets purpose. Designed to cradle fresh blooms and everyday rituals alike, this vase lends a sense of permanence to fleeting seasons.",78,78,3498,2025-09-21T09:01:22.000Z,https://www.instagram.com/p/DO28Ztckeoi/,16-03-2026,21-09-2025,147,58,4.077537444,1,0,0,7,21,2.16930381,4750,0,0,,1,0,0,7
"A foundation of natural wood. A finish of refined comfort. Jake grounds your space with ease.

Visit in stores or shop now at www.potterybarn.in",57,57,3649,2025-05-05T09:58:30.000Z,https://www.instagram.com/p/DJRIfRCygEV/,16-03-2026,05-05-2025,234,24,3.218875825,3,1,6,7,1,4.890087871,9100,0,1,,0,1,3,7
"Fabels by Fabindia
A Valentine’s coffee date, dressed in modern classics.
Soft silhouettes, rich textures, and the kind of style that are made for the occasion.

What they’re wearing:
HER: Ajrakh Printed Shirt in Cupro Modal ₹2,999

HIM: Viscose Silk Shirt ₹2499 
Cotton Slub Regular Straight Fit Trouser ₹2199

Explore our latest western wear collection for men and women.

Available at select Fabindia Experience Centres and exclusive Fabels stores near you.
.
.
.
#Fabels #FabelsbyFabindia #westernwear #valentine #valentinesday

[Modern classics, Western wear, Valentine edit, Coffee date look, Ajrakh print, Cupro modal, Viscose silk, Men’s style, Women’s style, Date night dressing]",73,5,3346,2026-03-10T17:02:12.000Z,https://www.instagram.com/p/DVtU44Silq6/,16-03-2026,10-03-2026,3,44,3.80666249,0,0,7,8,115,3.186012915,4680,0,1,,1,1,0,7
"You need a jewel-toned sofa.

Meet Berkeley, hand assembled in North Carolina with jade green performance velvet. Wide arms leave extra room for resting. New in the Fall Collection.",0,0,3401,2025-08-25T15:58:16.000Z,https://www.instagram.com/p/DNyKsOx0osO/,16-03-2026,25-08-2025,173,148,5.003946306,0,5,6,8,97,2.951468893,10350,1,1,,0,0,0,7
"Modern farmhouse charm meets functionality. The Madison Coffee Table anchors your living
space with style and storage. 

Tap to shop now!",0,0,3403,2026-02-25T14:56:02.000Z,https://www.instagram.com/p/DVL11YCExfc/,16-03-2026,25-02-2026,8,10,2.397895273,0,1,5,8,152,4.909977155,10350,1,0,,1,1,10,7
"“𝘞𝘩𝘢𝘵’𝘴 𝘵𝘩𝘦 𝘱𝘭𝘢𝘯? 𝘞𝘩𝘢𝘵’𝘴 𝘵𝘩𝘦 𝘱𝘭𝘢𝘯? 𝘞𝘩𝘢𝘵’𝘴 𝘵𝘩𝘦 𝘱𝘭𝘢𝘯?”
That’s all everyone’s been asking. So we made one.

Friends around the table. Food that keeps coming. A night that runs past midnight.

Complete your New Year with looks that carry you through the night. Classic vests, jackets, and Bandhgalas in cosy wools for men. Fine woven Woollen dresses paired with stoles and statement details for women.

Everything for everybody. Make your New Year stand out.
.
.
.
#fabindia #celebrateIndia #celebratingpeople #newyear #2026 

[ New Years, New Year Outfits, New Year looks, Winter looks, Dinner Party, Dinner set]",78,78,3406,2026-01-15T12:19:22.000Z,https://www.instagram.com/p/DTh_UJogc8u/,16-03-2026,15-01-2026,33,19,2.995732274,1,1,5,8,201,4.779579485,9100,0,0,,0,0,0,7
"ਲੋਹੜੀ ਦੀਆਂ ਲੱਖ ਲੱਖ ਵਧਾਈਆਂ!

Wrapped in woollen layers, Lohri is about til, rewari, gud and laughter with loved ones, cozy moments and togetherness that make the season special

Celebrate in style with cozy woollen wraps, vibrant teal shawls, herringbone wool Nehru jackets, and classic woollen kurtas, perfect for festive winter gatherings

Shop the festive collection now and wrap yourself in warmth this Lohri.
.
.
.
.
#Fabindia #CelebrateIndia #CelebratingPeople #Lohri 

[Lohri, lohri celebration, Woollen layers, woollen Kurtas, Men’s woollen Kurta, nehru jacket, winterwear, ethnic wear, winter ethnic]",0,0,3407,2025-04-29T07:25:00.000Z,https://www.instagram.com/p/DJBaPJeSF4q/,16-03-2026,29-04-2025,236,118,4.779123493,0,1,12,8,75,4.730400652,12300,1,0,,0,0,11,7
"Refined, but never too formal.

@stagedtosellhome
#mycb2",0,0,3410,2024-12-24T08:10:00.000Z,https://www.instagram.com/p/DD9DJrFIBYT/,16-03-2026,24-12-2024,362,20,3.044522438,0,1,3,8,1,2.200517852,9100,1,0,,1,1,1,7
"Our community shows us two ways to shape a space with the Hauge dining table.
 
 
styles the Dark Oak finish for a softer, cocooned feel, whileopts for Natural Oak to create a lighter, more open setting. Different finishes, same contemporary Danish character.
 
 
Discover the Hauge collection via the link in our bio.",0,0,3412,2025-09-25T04:52:57.000Z,https://www.instagram.com/p/DPAzMaPiVSc/,16-03-2026,25-09-2025,143,64,4.17438727,1,4,4,8,165,5.066467,10350,1,1,,1,1,0,8
"With warm wood grain and bold brass, these nesting tables make a small-space statement. Compact, functional, and Fair Trade Certified™. 
Bring them home today!",0,0,3414,2025-10-01T18:01:11.000Z,https://www.instagram.com/p/DPRcdTCDtEa/,16-03-2026,01-10-2025,133,10,2.397895273,0,6,6,8,110,2.077712688,4680,1,1,,0,1,2,8
"Heirlooms in the making.

01. Handmade mirror with rough cast aluminum—@stagedtosellhome

02. Blown glass and travertine pendants by @farrahsit—@ag_studiopr

#mycb2",55,55,3425,2025-07-14T09:42:56.000Z,https://www.instagram.com/p/DMFWWhfzvcN/,16-03-2026,14-07-2025,198,25,3.258096538,2,1,2,8,55,4.346711218,12300,0,0,,0,1,2,8
"Only a few days left – shop BLACK WEEK.

Centred around the eye-catching Santiago table, this dining space blends statement curves and rich tones with soft neutral textures to set the scene for celebration.

Click the link in bio to shop the room in our biggest sale of the year.",0,0,3434,2025-09-16T20:00:49.000Z,https://www.instagram.com/p/DOrCMtugX3G/,16-03-2026,16-09-2025,154,8,2.197224577,0,2,0,8,91,4.5831499,4680,1,0,,1,0,2,8
"Bring a touch of the magical outdoors inside. 

Shop the Faux Potted Cluster Cones on www.potterybarn.in or in-stores now.",59,59,3437,2025-06-27T09:32:28.000Z,https://www.instagram.com/p/DLZjo7AzuYo/,16-03-2026,27-06-2025,208,19,2.995732274,1,1,7,8,1,5.321229544,12300,0,1,,1,0,5,8
"Minimal, versatile, and endlessly stylish. Fill it with candles and let it anchor your centerpiece. 
Shop in stores or online at www.westelm.in",0,0,3493,2026-01-20T13:30:00.000Z,https://www.instagram.com/p/DTu62FFiG3C/,16-03-2026,20-01-2026,29,27,3.33220451,0,0,7,8,1,5.269453285,9100,0,1,,0,1,0,8
"BoConcept by You celebrates the style and individuality of our community. This time, we're inspired by your styling of the Bergamo sofa.

@arqjorgegaribay adds Bergamo's clean lines to a stripped-back, contemporary space. 

Styled by @dilawho, Bergamo brings a modern edge to a family living room.

Shop the Bergamo sofa via the link in our bio.

-----

#LuxurySofaDesign #CurvedSofa #DesignerLivingRoom #Danish Sofa",0,0,3493,2025-09-04T16:33:35.000Z,https://www.instagram.com/p/DOL-roiiUgi/,16-03-2026,04-09-2025,166,27,3.33220451,2,8,4,8,168,4.311841689,10350,1,0,,0,0,6,8
"The perfect finishing touch for your festive tree. 

Available online and in-stores.",0,0,3494,2025-12-24T18:00:31.000Z,https://www.instagram.com/p/DSpvQa3AbUY/,16-03-2026,24-12-2025,51,28,3.36729583,0,1,6,8,103,3.086354391,4680,0,0,,0,0,5,8
"When everything in the room is that one perfect thing—like a scolecite credenza or *that* tiled resin table.

@stagedtosellhome
@lxs_homes

#mycb2",0,0,3498,2025-08-12T08:33:50.000Z,https://www.instagram.com/p/DNP5cwkNbVW/,16-03-2026,12-08-2025,182,20,3.044522438,0,0,0,8,30,4.972775,4750,0,1,,0,1,0,8
"Cozy, comfy and crafted to last, this cotton quilt makes every sleep space feel extra special.

Visit us in-store or shop online at www.potterybarn.in",0,0,3499,2025-12-29T18:01:05.000Z,https://www.instagram.com/p/DS2nJBkiSOt/,16-03-2026,29-12-2025,47,7,2.079441542,1,1,0,8,91,2.782026047,4680,0,0,,0,1,0,8
"Sprinklings of sparkle, crystal and candlelight—these are the things you'll actually want to look at, year after year. Good tidings are here.",44,44,3499,2025-06-02T07:35:00.000Z,https://www.instagram.com/p/DKY-YFXyLzW/,16-03-2026,02-06-2025,218,24,3.218875825,0,1,0,8,1,4.55572846,9100,1,0,,1,1,7,8
"Color combinations that shouldn't work, but absolutely do.

Velvety greens, burnt oranges, espresso browns, electric blues—consider this your cheat sheet for high-impact color pairing.

#mycb2",56,56,3501,2025-07-08T07:01:12.000Z,https://www.instagram.com/p/DL1nB_Ltjz_/,16-03-2026,08-07-2025,201,90,4.510859507,1,0,0,8,59,2.73185612,4750,0,1,,0,1,0,8
"Art that lives on your shelves.

Each Chambray Ceramic Vase is a one-of-a-kind handcrafted piece — subtle in palette, sculptural in form, and timeless in presence.

Shop now.",93,93,3501,2024-10-22T09:08:46.000Z,https://www.instagram.com/p/DBa7yYVyMz7/,16-03-2026,22-10-2024,414,86,4.465908119,2,2,0,8,55,0,9100,1,0,,0,1,0,8
"For those who enjoy bringing people together, the perfect gift adds comfort, atmosphere and a considered touch to hosting at home.

From soft natural textiles to sculptural accents and decorative ceramic stoneware, it's the thoughtful details that elevate every occasion.

Featured gifts:
(01) Sweet Art bowl
(02) Bouclé single cushion
(03) Cuddle Me plaid
(04) Luna metal vase
(05) Paris table lamp

Explore our gift edit via the link in bio.

#MinimalistHomeDecor #QuietLuxuryHome #DesignForLiving",0,0,3510,2025-11-03T18:01:45.000Z,https://www.instagram.com/p/DQmeFdwga_1/,16-03-2026,03-11-2025,90,67,4.219507705,1,1,4,8,95,0,4680,0,1,,1,1,8,8
"BoConcept by You celebrates the style and individuality of our community. This time, we're inspired by how you use colour to add interest to your homes.

Here, @nicolaomara_interiordesign creates a grounding living room with taupe-hued Modena sofa. 

While @this_wallace_farmhouse opts for a Modena sofa in soft pink to bring definition to an open plan layout. 

Shop the Modena sofa via the link in our bio.",94,94,3514,2025-05-05T07:30:00.000Z,https://www.instagram.com/p/DJQ3mruoYKK/,16-03-2026,05-05-2025,239,28,3.36729583,1,1,2,8,60,2.228089878,12300,0,0,,0,1,0,8
"Minimalist style and elegant form scan feel warm and inviting with the Milano sofa.
 
Designed by CLAUDIO BELLINI Studio, Milano balances an architectural silhouette with soft curves and relaxed comfort. Styled with sculptural accents, it creates a calm, considered living space that supports the rhythms of everyday life.
 
Discover the Milano sofa via the link in our bio.
 
#ModernLivingRoom #QuietLuxuryHome #DesignForLiving #FunctionalLuxury #DanishSofa",97,97,3526,2025-08-07T12:30:00.000Z,https://www.instagram.com/p/DNDcnGYTPiU/,16-03-2026,07-08-2025,186,41,3.737669618,1,1,4,8,44,5.118011,12300,1,0,,1,0,1,8
"More than a gift…
a trousseau comes together with pieces that feel familiar.
Soft home accents, everyday tableware, jewellery and clothing,
choices that carry comfort into a new space.

Find gifting that feels personal.
Explore the Wedding Trousseau & Wedding Gifting Edit.
.
.
.
.
.
.

#Fabindia #Celebrateindia #CelebratingPeople #WeddingTrousseau #WeddingStories #RishtonKiBaraat #WeddingGifting #GiftingEdit

[wedding gifting, trousseau gifting, home accents, tableware gifts, jewellery gifting, clothing gifts, curated trousseau, wedding keepsakes, meaningful gifting, modern trousseau edit, Fabindia gifts, wedding essentials, celebration gifting, thoughtful presents, handcrafted gifting]",74,74,2480,2025-10-24T18:02:15.000Z,https://www.instagram.com/p/DQMqoHQEwdp/,16-03-2026,24-10-2025,106,80,4.394449155,1,1,8,9,130,2.236759457,4680,0,0,,0,0,1,8
"Simple lines, gentle curves and everyday comfort come together in the Princeton chair.
 
Part of our LIVE STYLE FOR LESS edit, Princeton brings a soft, inviting feel to quiet corners beyond the dining room. With its sculpted seat and supportive back, it works beautifully in a bedroom or reading nook – a comfortable spot to pause, unwind or start the day.
 
Discover Danish design at minimalist prices via the link in our bio.
 
#MinimalistHomeDecor #DesignForLiving #MindfulDesign",64,64,2488,2025-06-28T16:29:46.000Z,https://www.instagram.com/p/DLc4MQjJZgR/,16-03-2026,28-06-2025,205,65,4.189654742,1,1,5,9,122,2.178789761,10350,0,1,,0,1,5,8
"Materialistic and fine with it. Elevate everything with the likes of Torrento gray marble and pure, unpolished travertine.

@mbyinteriors
@luxurypointstudio

#mycb2",0,0,2489,2025-08-05T07:01:17.000Z,https://www.instagram.com/p/DM9tTFjsE1S/,16-03-2026,05-08-2025,186,21,3.091042453,0,1,9,9,28,2.377353368,4750,1,0,,0,1,3,8
"In this recent design project in Germany, we created a sense of calm continuity while giving each space its own unique character.
 
A gentle colour palette, recurring silhouettes and carefully balanced proportions flow from living areas into the bedroom and garden, across the home. By layering texture and refining form, the design feels cohesive without becoming uniform – bringing a feeling of ease to individual zones, connected through thoughtful design.
 
Want advice styling your home? Our Interior Designers are here to help via the link in bio.
 
#DesignerLivingRoom #DesignForLiving #QuietLuxuryHome #ContemporaryInteriorDesign",62,62,2496,2026-02-13T18:01:04.000Z,https://www.instagram.com/p/DUtDvf1gX1z/,16-03-2026,13-02-2026,19,30,3.433987204,1,1,8,9,109,3.034017167,4680,0,0,,0,1,7,8
"Introducing the Paris lamp by Hans Thyge. 

Inspired by the iconic one-spoke steering wheel of the1955 Citroën DS, this portable, rechargeable design combines everyday function with sculptural form. 

Shop the new Paris lamp via the link in our bio.

--------

#MinimalistHomeDecor #FunctionalLuxury #DesignForLiving",0,0,3347,2025-12-15T08:33:57.000Z,https://www.instagram.com/p/DSRw365Cem-/,16-03-2026,15-12-2025,58,68,4.234106505,0,3,2,9,146,2.756372791,10350,1,1,,1,1,0,8
"You could say we're in our blue period.

@mojostumer.interiors
@seededhome
#mycb2",0,0,3349,2025-09-08T07:04:48.000Z,https://www.instagram.com/p/DOVQuiQDLii/,16-03-2026,08-09-2025,163,13,2.63905733,0,1,5,9,61,4.262664791,4750,1,0,,1,0,7,9
"Designed to bring simplicity and elegance to everyday life, Element bedroom storage combines generous storage with a clean, architectural look that complements modern life. 

Refine your bedroom storage via the link in our bio.",52,52,3349,2024-12-09T08:00:00.000Z,https://www.instagram.com/p/DDWaGwXSxTT/,16-03-2026,09-12-2024,378,27,3.33220451,2,1,0,9,1,4.682610546,9100,1,1,,0,0,2,9
"The epitome of colorful and collected.

@real_simple
@sans.murs
@markweinbergny

#RSHome2025",0,0,3350,2025-08-17T12:30:00.000Z,https://www.instagram.com/p/DNfxZLSh67w/,16-03-2026,17-08-2025,180,17,2.890371758,1,1,6,9,1,2.953464225,9100,0,1,,0,1,4,9
"How to style like the Danes
 
	1.	Avoid excess, focus on functional items that are inherently beautiful
	2.	Embrace warm woods and neutral finishes to maintain a cosy, inviting atmosphere
	3.	Allow for open space and uncluttered surfaces to create a sense of calm
 
Shop the look via the link in our bio.
 
———
 
#InteriorGoals #MindfulDesign #FunctionalLuxury",0,0,3352,2025-09-21T13:37:43.000Z,https://www.instagram.com/p/DO3cEZXCezf/,16-03-2026,21-09-2025,150,26,3.295836866,3,1,6,9,55,5.016221,10350,1,1,,0,1,4,9
"Modern dining looks different for each of us. Which of our LIVE STYLE FOR LESS dining chairs would you choose:

Find your favourite via the link in bio.
 
#MinimalistHomeDecor #FunctionalLuxury #DesignForLiving",0,0,3355,2024-11-22T07:30:00.000Z,https://www.instagram.com/p/DCqlJ3ay1G3/,16-03-2026,22-11-2024,392,18,2.944438979,2,1,9,9,3,3.035751315,12300,0,0,,1,0,3,9
"Elevate your space with modern design at extraordinary prices. Explore the West Elm collection at the @luxuryshoppingfestival 

Find us at Ambience Mall, Gurgram, Jio World Drive, Mumbai or shop online at www.westelm.in.",0,0,2499,2025-09-10T19:01:19.000Z,https://www.instagram.com/p/DObr5X5k1qd/,16-03-2026,10-09-2025,162,29,3.401197382,1,6,4,10,88,4.422174644,4680,0,0,,1,0,1,9
"A touch of metallic shine. Make a statement with our Metallic Bud Vases. 

Available online and in-stores.",38,38,2502,2025-12-19T17:02:47.000Z,https://www.instagram.com/p/DSc5Wb7ges1/,16-03-2026,19-12-2025,55,36,3.610917913,0,1,2,10,54,5.269798096,4680,1,1,,1,0,1,9
"Transform your home this Black Friday with unbeatable savings on furniture, lighting, and more. 

Shop exclusive deals now on www.westelm.in or in-stores.",0,0,2506,2026-01-13T13:06:03.000Z,https://www.instagram.com/p/DTc7ERnDbFd/,16-03-2026,13-01-2026,36,8,2.197224577,0,1,8,10,42,4.267729538,12300,0,0,,0,0,3,10
"Timeless Design. Limited-Time Deal.

Upgrade your space with West Elm’s iconic Mid-Century Bookcases — Offer valid till 20th April. Don’t miss out!",0,0,2507,2025-12-14T18:01:37.000Z,https://www.instagram.com/p/DSP_S6skqKf/,16-03-2026,14-12-2025,59,13,2.63905733,1,1,4,10,53,2.141315844,4680,1,0,,0,1,7,10
"A handcrafted ceramic bird, each uniquely molded to bring artistic charm to your space. 

Visit now or bring home this artisanal touch at www.potterybarn.in.",52,52,2508,2024-12-27T07:40:00.000Z,https://www.instagram.com/p/DEEuNDTyxLW/,16-03-2026,27-12-2024,360,28,3.36729583,2,1,0,10,82,4.48460048,9100,0,0,,1,0,0,10
"Celebrate this season with our handpicked curation of Diwali gifting. 

Introducing our exclusive gift packaging design.

 • Kora Pillar Candle Hamper – ₹7,500
 • Starlight Stemware Hamper – ₹10,000
 • Stemware Bar Collection Hamper – ₹17,500

Available for a limited time, in stores and online at www.westelm.in.",0,0,2870,2025-01-13T08:40:51.000Z,https://www.instagram.com/p/DEwmkeKoTgd/,16-03-2026,13-01-2025,345,28,3.36729583,0,1,1,10,73,3.978966327,9100,0,1,,0,1,3,10
"A thoughtful gift that will be treasured for years to come. Choose the perfect Tabletop Frames at West Elm. 

Available online and in-stores now.",0,0,3456,2025-12-20T20:01:01.000Z,https://www.instagram.com/p/DSf1WgXgYzG/,16-03-2026,20-12-2025,55,29,3.401197382,0,1,4,10,53,4.671801576,4680,1,1,,1,1,2,10
"Where tradition meets imagination. 

Step behind the scenes with @teaonthebluesofa and her team as they sketch the first strokes of our exclusive Diwali gift hamper prints- designed with love, storytelling and timeless indian artistry. 

Only at Pottery Barn India.",0,0,3458,2026-01-08T11:37:15.000Z,https://www.instagram.com/p/DTP47eriXoe/,16-03-2026,08-01-2026,39,13,2.63905733,1,4,4,10,166,3.841325946,10350,1,1,,0,0,1,10
"“Nature is a constant source of inspiration for me.” – @helenachristensen 

Step into our Global Artistic Director's world with an exclusive set of art prints. Each photograph captures the magic and intricacies of nature, reflecting Helena's passion for bringing the outdoors in and finding beauty in the everyday.

Click the link in our bio to shop Helena's Flora art prints.",29,29,3458,2025-11-27T18:01:05.000Z,https://www.instagram.com/p/DRkNveGlqOG/,16-03-2026,27-11-2025,74,81,4.406719247,0,1,7,10,69,4.159808116,4680,0,1,,1,0,5,10
All dressed up like a Christmas tree. Swipe to see how we get festive.,0,0,3461,2025-10-07T15:40:42.000Z,https://www.instagram.com/p/DPg23MYiU_r/,16-03-2026,07-10-2025,124,72,4.290459441,0,2,0,10,43,3.618411052,10350,0,1,,1,0,0,10
"A new destination for Danish design.
 
BoConcept Singapore opens its doors at 270 Orchard Road at 11am on Tuesday 3rd March.
 
Discover sculptural silhouettes, refined comfort and fully customisable designs created to fit the way you live. From the iconic Imola chair to modular sofas and dining made for gathering, every detail is designed to feel considered and distinctly yours.
 
Experience Danish design, tailored to you.
 
📍 270 Orchard Road
 🗓 Tuesday, 3 March 2026
 ⏰ 11am",60,60,3461,2024-09-18T12:30:00.000Z,https://www.instagram.com/p/DADv1zOydYl/,16-03-2026,18-09-2024,433,17,2.890371758,2,1,1,10,1,3.681280596,12300,0,0,,0,1,2,10
"Rooms from our 2025 saves that we can't stop thinking about.

@stagedtosellhome

#mycb2",0,0,3463,2025-09-02T18:00:12.000Z,https://www.instagram.com/p/DOG7rvDFSVQ/,16-03-2026,02-09-2025,168,11,2.48490665,1,3,6,10,106,0,4680,0,1,,1,1,2,10
"Lounge, sprawl, stay awhile. Comfort looks good here.

Shop in stores or online at www.westelm.in",76,7,649,2026-03-14T17:32:44.000Z,https://www.instagram.com/p/DV35R9fCcm4/,16-03-2026,14-03-2026,1,52,3.970291914,0,9,5,11,39,2.984857567,10350,0,0,,0,0,4,10
In our materialistic era and fine with it.,76,76,2513,2026-02-18T20:00:46.000Z,https://www.instagram.com/p/DU6WBFBATQ9/,16-03-2026,18-02-2026,13,87,4.477336814,0,1,8,11,135,4.674585705,4680,0,1,,0,1,3,10
"Wrapped in rich leather with a waterfall silhouette, this coffee table adds bold texture and luxury. 
Elevate your living room at www.westelm.in or in-stores.",0,0,2517,2026-02-22T18:00:37.000Z,https://www.instagram.com/p/DVEO_sRARNd/,16-03-2026,22-02-2026,10,16,2.833213344,0,1,7,11,140,3.940572946,4680,1,1,,1,1,5,10
"Cookies in the oven, giggles in the air and tiny elves at work.

It’s time to layer your kids in comfort and magic. Discover cosy Dabu-printed corduroy jackets for boys, Bagru-printed floral quilted jackets for girls, and more, each piece blending craft, warmth and festive cheer.
.
.
.
.
#Fabindia #CelebrateIndia #CelebratingPeople #Christmas #KidsChristmas #FestiveLayering #CosyWinter

[Christmas, Christmas Celebration, kids winter layering, festive kidswear, dabu print jackets, bagru floral prints, corduroy jackets for boys, quilted jackets for girls, handcrafted kidswear]",100,100,2517,2025-11-10T10:53:18.000Z,https://www.instagram.com/p/DQ34__dk9p0/,16-03-2026,10-11-2025,86,18,2.944438979,0,1,0,11,41,3.118394805,4750,1,1,,0,0,5,10
"Indoor–outdoor living in Yucatán. 
 
This contemporary home by @richaudarquitectura pairs clean architectural lines with Scandinavian-inspired comfort. Interior styling by @didxonrodriguez in collaboration with BoConcept Mexico creates a calm, cohesive flow between indoor and outdoor spaces, shaped for relaxed modern living. 
 
Our Interior Designers can help style your home via the link in our bio. 
 
#DesignerLivingRoom #DesignForLiving #QuietLuxuryHome #ContemporaryInteriorDesign",59,59,2521,2025-10-17T12:30:00.000Z,https://www.instagram.com/p/DP6RA36AanF/,16-03-2026,17-10-2025,116,99,4.605170186,1,1,14,11,9,4.506294645,9100,0,0,,1,1,7,11
"A testament to its craftsmanship, giving you and your guests a truly unique setting for all your gatherings. 

Shop the Puebla Collection now!",55,55,3050,2026-02-24T18:02:11.000Z,https://www.instagram.com/p/DVJaTPfAeg8/,16-03-2026,24-02-2026,9,72,4.290459441,1,1,5,11,93,3.53472055,4680,1,1,,0,0,5,11
"Neutrals with an edge.

@alexandra.killion.interiors
@monomidnyc

#mycb2",0,0,3050,2026-02-17T07:14:57.000Z,https://www.instagram.com/p/DU2atWHDCY6/,16-03-2026,17-02-2026,14,5,1.791759469,0,1,5,11,87,5.214545,10350,0,0,,0,0,8,11
"Curated for you. Celebrated by you. 

Introducing The Festive Edit by @pavitrarajaramdesign 

Three exclusive gift hampers designed to elevate your festive moment. 

 • Tealight Candle Holder Hamper – ₹6,000
 • Napa Hurricane Taper Holder Hamper – ₹12,000
 • Bleecker Bar Hamper – ₹22,500

Available in stores and online at www.potterybarn.in.",74,74,3050,2026-02-14T09:17:57.000Z,https://www.instagram.com/p/DUu6Zo3EzIQ/,16-03-2026,14-02-2026,17,22,3.135494216,1,1,5,11,41,4.660865,4750,0,1,,0,0,5,11
"Favourite corners, found.

Quiet nooks, layered textures, and pieces styled with meaning.
Shaped by craftsmanship and the hands behind it. 

Every space from apparel to home, tells a story.
Curated to feel personal and designed to inspire your own.
.
.
.
.
.
[Fabindia, Fabhome, home styling, crafted spaces, artisan-made, Fabindia home, interior inspiration]

#FavouriteCorners #celebratingindia #StoreStories #CraftedByHand #StyledByFabindia #SpacesThatInspire #SlowLivingEveryday #stores #fabindia",31,31,3050,2026-01-28T12:50:00.000Z,https://www.instagram.com/p/DUDhJ7HE2dU/,16-03-2026,28-01-2026,26,16,2.833213344,1,3,5,11,1,4.723183046,12300,0,0,,0,0,0,11
"Hand aged brass your friends will get sick of hearing about every time they compliment this light (it's a multistep process).

The new Natalia Lamp. Shop the spring collection.",35,35,3050,2025-12-24T05:32:20.000Z,https://www.instagram.com/p/DSonPqOE_7w/,16-03-2026,24-12-2025,49,19,2.995732274,1,1,5,11,1,2.282031563,12300,1,0,,0,0,5,11
"Designed for the everyday, elevated for every occasion—the Rockport Bench is a dining essential.

Visit in stores or shop now at www.potterybarn.in",74,74,3050,2025-12-24T11:20:11.000Z,https://www.instagram.com/p/DSpPDUokwid/,16-03-2026,24-12-2025,52,29,3.401197382,0,1,5,11,81,4.198694933,12300,1,0,,1,0,7,11
"Dark metal legs, soft curves, and the perfect lounge-ready seat. The Penn Chair is where modern design meets Sunday comfort. 
Shop in stores or online at www.westelm.in",0,0,3050,2025-12-17T08:16:00.000Z,https://www.instagram.com/p/DSW4Xf7Ds93/,16-03-2026,17-12-2025,57,26,3.295836866,1,1,5,11,49,0,4750,1,0,,1,1,6,11
"Yeh hai #RishtonKiBaraat.

Spring ‘26
The Wedding Stories

Shaadi ka season has its own kind of glow. Sunlit pheras, laughter spilling across courtyards, music in the air and a guest list full of people who turn every moment into a celebration.

For mornings that begin with rituals and evenings that end on the dance floor, discover silhouettes and jewellery that adds just the right sparkle, made for everyone who arrives to celebrate.

Step into the mood of spring weddings.
Shop now.
.
.
.
.
#fabindia #celebrateindia #celebratingpeople #SpringWedding

[Springwedding, wedding season, wedding guest style, festive silhouettes, Indian weddings, wedding celebrations, occasion wear, Fabindia spring, wedding season style, jewellery for weddings, rishton ki baraat]",0,0,3050,2025-10-19T15:53:00.000Z,https://www.instagram.com/p/DP_xzwqCag2/,16-03-2026,19-10-2025,112,33,3.526360525,2,3,5,11,161,0,10350,0,1,,0,1,3,11
"Presenting Bespoke Kurtas for Men. Not just any kurta.

Experience a new way to order your Fabindia kurta.
Choose from 80+ premium fabrics and customise every detail from collars and cuffs to plackets, pockets, buttons, fit and finish.
Endless possibilities, designed around you.

Quick. Effortless. Distinctly yours.
This is Fabindia Bespoke, making a kurta of your choice, one at a time.

Ready to ship in just 7 days.
Customise yours, now. 

Visit fabindia.com/custom-kurta [Link in bio]
OR
Also available via fabONE Services across Select 180+ Stores in India.

#Fabindia #CelebrateIndia #CelebratingPeople #Bespoke #NotJustAnyKurta #BespokeKurtas #MadeForYou #CustomMade #MensStyle #FestiveFashion #IndianMenswear #TailoredToYou #FabindiaStyle 

[bespoke kurtas, Fabindia menswear, customised kurta, premium fabrics, men’s festive wear, tailored kurta, luxury menswear, traditional menswear, Indian men’s fashion, handcrafted clothing, personal style, men’s festive kurtas, fashion customisation, designer kurta, modern tradition]",68,68,3050,2024-11-20T13:17:20.000Z,https://www.instagram.com/p/DCmDSS9SmAR/,16-03-2026,20-11-2024,392,13,2.63905733,0,1,4,11,1,0,12300,1,1,,1,1,9,11
"With its light gray finish and graceful silhouette, the Zinc Pedestal Vase is art for your tabletop.

Explore the collection now.",49,49,3050,2024-09-30T12:30:00.000Z,https://www.instagram.com/p/DAipU9pSe8D/,16-03-2026,30-09-2024,422,16,2.833213344,0,1,4,11,1,2.589078291,12300,1,1,,0,1,4,11
"The new Fall Collection is here to stay, bringing with it all the comforts worth staying in for—stunning marbles, luxe fabrics and the kind of craftsmanship that elevates cozy season.

More layers. More texture. More mood. Tap to shop the latest.",100,100,2522,2025-07-09T07:01:34.000Z,https://www.instagram.com/p/DL4L3mQt6um/,16-03-2026,09-07-2025,200,134,4.905274778,0,1,4,12,54,4.183987415,4750,0,1,,0,1,3,11
"The Ø lounge chair, an exclusive statement of softness and sophistication designed by Helena Christensen. With its oversized silhouette and plush cushions upholstered in Helena's exclusive Lucca fabric, Ø is a restorative sanctuary within your home.

Shop Ø via the link in bio.

#LiveDanish #BoConcept #CraftedForComfort #MindfulDesign #QuietLuxuryHome",0,0,2528,2025-10-03T18:00:30.000Z,https://www.instagram.com/p/DPWl_3vAUpL/,16-03-2026,03-10-2025,132,8,2.197224577,1,1,9,12,121,3.843184558,4680,1,0,,1,1,7,11
"Meet the new Aarhus collection. 

With a rounded silhouette inspired by mid-century designs, it features a sleek, wooden frame that evokes the simplicity and functionality that defines Danish design.

Discover the Aarhus collection via the link in our bio.

---------

#DanishDesign #FunctionalLuxury #MidCenturySofa",0,0,2535,2025-11-13T18:01:13.000Z,https://www.instagram.com/p/DRAKn7SEvNd/,16-03-2026,13-11-2025,83,35,3.583518938,1,1,0,12,103,3.038692152,4680,1,1,,0,0,1,11
"Transform your bedroom into a serene sanctuary with the new Bolzano bed. Crafted for the design lover, the Bolzano bed marries flowing curves with a floating silhouette to create a zen expression of luxury.

Follow the link in our bio to create your own haven with Bolzano bed.

#LiveDanish #BoConcept #QuietLuxuryHome #MindfulDesign #CraftedForComfort",36,36,2878,2025-04-05T07:20:00.000Z,https://www.instagram.com/p/DIDmku0SuvS/,16-03-2026,05-04-2025,256,12,2.564949357,3,1,3,12,42,3.82307002,9100,0,0,,0,0,3,11
"There's new in the old. From midcentury-inspired sofas to French art deco lighting, design is best when eras are in conversation.

@stagedtosellhome
@oldhouseontherox

#mycb2",83,83,2884,2025-02-27T18:45:00.000Z,https://www.instagram.com/p/DGljjeRSmM7/,16-03-2026,27-02-2025,290,16,2.833213344,2,1,4,12,73,4.765454,9100,0,1,,1,1,5,11
"Bixby three ways. With a Brutalist-inspired design, leggy profile and bronze-finished cast aluminum, it's no wonder this console is a perennial best-seller.

As seen in spaces by

@stagedtosellhome
@berlinstudio_",0,0,2895,2025-08-08T08:22:25.000Z,https://www.instagram.com/p/DNFk94-NmN7/,16-03-2026,08-08-2025,184,27,3.33220451,0,1,5,12,65,4.676186,4750,0,1,,0,0,5,11
"फैबइंडिया अब माँ गंगा की गोद में!

श्री परमार्थ निकेतन आश्रम, ऋषिकेश में फैबइंडिया का भव्य शुभारंभ पूज्य स्वामी श्री चिदानन्द सरस्वती जी और पूज्या साध्वी भगवती सरस्वती जी के पावन सान्निध्य में संपन्न हुआ।

जीवनदायिनी माँ गंगा की स्वच्छता और पवित्रता के लिए हम कटिबद्ध हैं एवं श्री परमार्थ निकेतन के ‘क्लीन गंगा इनिशिएटिव’ (Clean Ganga Initiative) के साथ जुड़कर इस कार्य को आगे बढ़ाने में सहभागी होना हमारा सौभाग्य है।

पता: शॉप नंबर SW-1, परमार्थ निकेतन आश्रम, राम झूला, नियर मेन मार्केट रोड, स्वर्ग आश्रम, ऋषिकेश, उत्तराखंड 249304

#Fabindia #CelebrateIndia #CelebratingPeople",93,93,2904,2026-02-15T09:38:25.000Z,https://www.instagram.com/p/DUxhcK0k5tT/,16-03-2026,15-02-2026,16,26,3.295836866,0,1,4,12,72,0,12300,1,1,,0,0,3,12
"BLACK WEEK is now on.

Embrace The Art of Living Danishly with exclusive offers on our entire collection of striking minimalist designs that fit beautifully into real life.

Click the link in bio to shop our biggest sale of the year.",0,0,2911,2025-12-03T07:55:12.000Z,https://www.instagram.com/p/DRyy2jDDl4i/,16-03-2026,03-12-2025,68,21,3.091042453,0,1,1,12,72,4.780473,4750,1,1,,1,0,5,12
"Find your love at first flop.

Every well-collected home needs a supremely comfortable statement sofa (and in a color of the moment, no less). Plush, curved or tufted—our latest collections exceed all expectations. See what's new for spring.",0,0,2911,2025-10-02T10:51:56.000Z,https://www.instagram.com/p/DPTd15qCb-k/,16-03-2026,02-10-2025,133,15,2.772588722,1,1,4,12,162,1.970164054,10350,1,0,,1,1,9,12
"The @goop sconce that makes any room a little bit chicer.

An opaline glass globe shade rests on Arabescato marble, like a pearl sitting in a tray. Tap to shop the Roxane sconce.

@shanie.r.interiors
@ethereina.interiors
#mycb2",29,29,3050,2025-10-13T12:30:00.000Z,https://www.instagram.com/p/DPv91aMgRc0/,16-03-2026,13-10-2025,118,32,3.496507561,0,1,5,12,1,5.130874723,9100,1,1,,0,1,5,12
"A sculptural silhouette with serious lounge appeal. Your new favourite corner, redefined. 

Visit us in-store or shop online at www.westelm.in",62,62,3050,2025-09-22T12:30:00.000Z,https://www.instagram.com/p/DO55M0sE6s7/,16-03-2026,22-09-2025,146,118,4.779123493,1,4,5,12,75,2.994623949,12300,1,0,,1,0,2,12
"Introducing the Style Edit with Ridhi Khosla Jalan! Discover her curated picks from Pottery Barn’s summer collection — now live on our website and in stores.

Stay tuned for exclusive videos where the designer shares styling tips from the edit, featuring bedroom, living, and dining spaces.

Explore the edit in stores or at www.potterybarn.in

Jio World Plaza, Mumbai
+91 2235182699

Ambience Mall, Vasant Kunj, New Delhi
‎+91 1140870003",0,0,3050,2025-07-31T16:46:00.000Z,https://www.instagram.com/p/DMx4SCSpe7p/,16-03-2026,31-07-2025,188,18,2.944438979,0,3,6,12,101,4.910019,10350,1,1,,0,1,0,12
"As the moonlight meets tradition, every ritual turns into a story of love.
From sargi to sringar, Banarasi silks to intricate jewellery, Karwa Chauth is a celebration of the eternal bond that shines in every detail.
.
.
.
.
#Fabindia #CelebrateIndia #CelebratingPeople
#KarwaChauth #BanarasiSilks #FestiveApparel #EthnicWear #HandcraftedJewellery #IndianCraftsmanship #SilkKurtaSets #FamilyCelebration #FestiveStyle #Svarnim 

[Karwa Chauth, Banarasi silk saree, silk kurta set, handcrafted jewellery, festive wear, ethnic wear, Indian craftsmanship, festive collection, couple ethnic looks, traditional wear, sringar essentials, handcrafted elegance, festive family looks, sustainable festive fashion, heritage weaves, ethnic style inspiration, festive apparel, timeless traditions]",0,0,3050,2025-07-18T07:01:13.000Z,https://www.instagram.com/p/DMPW-wbNKV9/,16-03-2026,18-07-2025,194,31,3.465735903,0,1,5,12,47,2.047918529,4750,0,0,,0,0,8,12
"Pieces that make a home.

Statement stones, warm woods, textured fabrics—they're pieces with a presence. The rest of the room just falls into place.

@adr.adrianaddiaz

@dnookus

#mycb2",41,41,3050,2025-07-04T09:23:17.000Z,https://www.instagram.com/p/DLrkJ1hTQrl/,16-03-2026,04-07-2025,203,49,3.912023005,0,1,6,12,26,4.862541224,12300,0,0,,1,0,1,12
"Pujo arrives not as a day, but as a season of awakening.

It lives in the shimmer of handloom silk, Maheshwari, and Jamdani saris, in block prints that celebrate craft, in linens that dress homes with quiet splendour, and in jewellery that adorns tradition with radiance.

Each detail becomes a verse of devotion, each gesture a thread of togetherness.

Pujo begins here, in moments that are cherished, adorned, and remembered.

#Fabindia #CelebrateIndia #Celebratingpeople #Pujo #CelebrateTogetherness #HandcraftedElegance #GoldenZari #BlockPrint #FestiveLinen #Jewellery #IndianFestivals #Maheshwari #Jamdani #HandloomHeritage

[Pujo 2025, Fabindia Pujo, festive jewellery India, handcrafted elegance, Indian festivals 2025, festive home linen, festive decor India, Maheshwari saris, Jamdani saris, handloom saris India]",0,0,3050,2025-05-17T07:50:00.000Z,https://www.instagram.com/p/DJvzaFCpV_B/,16-03-2026,17-05-2025,228,21,3.091042453,1,1,6,12,1,0,12300,0,0,,1,1,7,12
"Introducing Steen Østergaard.

An award-winning Danish industrial designer known for his mastery of materials, signature organic shapes and highly technical approach.

Reissued exclusively for CB2, the Ripple Sofa is a 1980 design out of production for decades, with neat topstitching details and welt trim.

Tap to shop the collection from our newest Design Legend.",48,48,3050,2025-04-14T19:00:00.000Z,https://www.instagram.com/p/DIcBycCoLcy/,16-03-2026,14-04-2025,248,21,3.091042453,1,1,5,12,1,0,9100,0,0,,0,0,11,12
"Made from soft cotton with classic stripes, these napkins bring laid-back charm to your table. 
Shop the Cabana Stripe Napkins now!",0,0,3050,2025-03-14T08:00:00.000Z,https://www.instagram.com/p/DHF4G-sojeT/,16-03-2026,14-03-2025,280,32,3.496507561,2,2,5,12,1,4.674332483,9100,1,1,,1,1,0,12
"Woven from a silk-cotton blend, this pillow cover features a dimensional honeycomb pattern. Handcrafted in India for a luxe, artisanal touch.
 Refresh your space now.",0,0,3050,2025-03-04T08:00:00.000Z,https://www.instagram.com/p/DGxRvJrSkWl/,16-03-2026,04-03-2025,282,22,3.135494216,0,1,6,12,1,2.991913022,9100,1,0,,0,1,6,12
"Crafted of solid hardwood with forged aluminum edging, this hand-finished cabinet brings lasting strength and style.

Visit us in-store or shop online at www.potterybarn.in",0,0,3050,2025-03-01T07:35:00.000Z,https://www.instagram.com/p/DGsFOCky9zs/,16-03-2026,01-03-2025,288,20,3.044522438,4,1,6,12,1,0,12300,0,1,,0,1,0,12
"Add a subtle, sophisticated charm to your space with the Linwood Wide Dresser. 

Visit www.potterybarn.in or in-stores to explore products on sale.",62,62,3050,2025-02-12T08:00:00.000Z,https://www.instagram.com/p/DF9x1f9I17S/,16-03-2026,12-02-2025,313,18,2.944438979,1,1,6,12,1,5.054101,9100,1,1,,1,0,0,12
"Striped trays, glass jars, pink catchalls. Everything you need to keep your bathroom tidy—and pretty, too.

Get free styling advice with CB2 Interior Design Services.

@bouleanu",0,0,3050,2024-10-21T08:41:34.000Z,https://www.instagram.com/p/DBYT4RVyypo/,16-03-2026,21-10-2024,416,30,3.433987204,0,1,5,12,1,3.698147351,9100,1,0,,1,1,4,12
"Handcrafted in Portugal, Cambria Dinnerware features richly glazed stoneware with natural undertones and rubbed edges.

Visit www.potterybarn.in or in-store to explore products on sale!",64,64,3100,2025-01-26T06:47:09.000Z,https://www.instagram.com/p/DFR35K8oDdr/,16-03-2026,26-01-2025,328,25,3.258096538,1,1,6,12,1,2.379736337,9100,0,0,,0,0,8,12
"The more seating, the merrier. Because nothing says festive like a red velvet sofa.",39,39,2537,2024-09-25T12:30:00.000Z,https://www.instagram.com/p/DAVxZAUSedp/,16-03-2026,25-09-2024,427,21,3.091042453,0,0,0,13,82,5.154439423,12300,1,1,,1,0,0,12
"The moodier, the better.

@medium__design
@meghoburg
@katrinaboschenko-DEL
#mycb2",0,0,2541,2025-10-14T18:01:05.000Z,https://www.instagram.com/p/DPy6yJ7DgrS/,16-03-2026,14-10-2025,118,22,3.135494216,1,3,9,13,140,4.210376683,4680,0,0,,0,1,8,12
"Solid marble top, brass finish, and the perfect size for small spaces. A table that makes a big statement. 
Shop in stores or online at www.westelm.in",53,53,2544,2025-12-13T18:01:35.000Z,https://www.instagram.com/p/DSNadP5kgyo/,16-03-2026,13-12-2025,59,13,2.63905733,0,1,5,13,38,3.022223977,4680,1,1,,1,1,2,12
"Abstract scolecite. Swirled resin. Icy blue velvet. It's all about the material mix.

@stagedtosellhome

#mycb2",59,59,2912,2025-01-31T07:15:00.000Z,https://www.instagram.com/p/DFezIj6Ipbk/,16-03-2026,31-01-2025,325,18,2.944438979,1,2,1,13,70,0,12300,1,0,,0,1,0,12
"Add modern sophistication to your bedroom with the Atwell canopy bed – now on sale! 

Shop now.",0,0,2913,2026-01-23T05:26:55.000Z,https://www.instagram.com/p/DT12ePyAX2t/,16-03-2026,23-01-2026,28,27,3.33220451,0,1,5,13,70,2.600859933,9100,1,0,,1,0,3,12
"Sleek metal meets rustic wood in this tripod table & floor lamp with a modern angled shade.
 Illuminate your home at www.westelm.in or in-stores now.",30,30,2921,2025-07-11T07:01:28.000Z,https://www.instagram.com/p/DL9VcmeMg2F/,16-03-2026,11-07-2025,200,31,3.465735903,1,3,1,13,114,3.142502884,4750,0,0,,1,1,0,13
"Inspired by ocean treasures, these sculptural shell candles infuse your home with scents of sea salt, vetiver, and driftwood.

Shop now!",0,0,2925,2026-02-07T11:13:37.000Z,https://www.instagram.com/p/DUdGB7mDoiL/,16-03-2026,07-02-2026,23,21,3.091042453,0,0,3,13,80,0,4750,1,0,,0,1,0,13
"Like the bed in your favorite European hotel.

Fully upholstered in lush velvet. Layered with organic cotton sheets. Softly lit by handcrafted textured glass. Everything you want in a bedroom.",0,0,2933,2025-02-06T08:45:24.000Z,https://www.instagram.com/p/DFuaK36SB_L/,16-03-2026,06-02-2025,322,18,2.944438979,2,2,4,13,66,2.335525654,12300,1,1,,0,1,1,13
"Colours of White have taken over our stores.

From classic Chikankari tops and vibrant leheriya dupattas to festive thandai, snacks and herbal gulaals, Fabindia is all set to make your celebrations colourful and more joyful.

Thoughtfully crafted and carefully curated, each piece captures the true spirit of the festival . 

Step in today and discover everything you need to celebrate Holi in full colour.
.
.
#Fabindia #CelebrateIndia #CelebratingPeople #Holi #FabindiaStores

[Holi collection, chikankari tops, leheriya dupattas, festive wear, herbal gulaal, thandai treats, Holi styling, summer whites, handcrafted fashion, Indian textiles, festive snacks, natural colours, celebration essentials, ethnic wear, joyful gatherings]",80,80,2933,2024-12-16T07:55:00.000Z,https://www.instagram.com/p/DDobEsZyKtz/,16-03-2026,16-12-2024,371,14,2.708050201,2,1,0,13,42,4.791508,9100,1,0,,1,0,1,13
"Crafted with vintage-inspired cuts and a soft pink hue, these glasses bring a hint of
elegance to every sip.

Toast in style — shop now.",0,0,2547,2026-02-17T21:00:30.000Z,https://www.instagram.com/p/DU31Ex7gd77/,16-03-2026,17-02-2026,15,14,2.708050201,1,9,7,14,168,4.371798185,4680,1,0,,1,0,7,13
A little floating island in your home ‘Ø’ 🏝️ By me in collaboration with @boconcept_official 💚,0,0,2549,2025-09-22T18:00:32.000Z,https://www.instagram.com/p/DO6UNprEsUW/,16-03-2026,22-09-2025,146,24,3.218875825,0,1,2,14,86,3.819276105,4680,0,1,,1,0,1,13
